﻿<?xml version="1.0" encoding="utf-8" ?>
<Defs>

  <!-- ============================ Lion Base ========================== -->

  <PawnKindDef Name="LionBase" Abstract="True">
    <defaultFactionType>LionEmpire</defaultFactionType>
    <race>Alien_Lion</race>
	<backstoryCategories>
			<li>LionBackstory</li>
  	</backstoryCategories>
    <chemicalAddictionChance>0.01</chemicalAddictionChance>
    <baseRecruitDifficulty>0.50</baseRecruitDifficulty>
    <apparelAllowHeadgearChance>0</apparelAllowHeadgearChance>
    <apparelTags>
    <li>LionClothing</li>
    </apparelTags>
	 <weaponTags>
	  <li>Outlander</li>
    </weaponTags>
    <initialWillRange>21~33</initialWillRange>
    <initialResistanceRange>25~63</initialResistanceRange>
  </PawnKindDef>
  
  <!-- ============================ Lion Civilian Base ========================== -->

  <PawnKindDef Name="LionCivBase" ParentName="LionBase" Abstract="True">
    <combatPower>25</combatPower>
	<race>Alien_Lion</race>
    <itemQuality>Normal</itemQuality>
    <isFighter>false</isFighter>
    <gearHealthRange>
      <min>0.2</min>
      <max>2.0</max>
    </gearHealthRange>
    <apparelMoney>
      <min>3000</min>
      <max>9000</max>
    </apparelMoney>
    <weaponMoney>
      <min>1400</min>
      <max>2500</max>
    </weaponMoney>
    <weaponTags>
      <li>Gun</li>
      <li>NonNeolithicOnlyMelee</li>
    </weaponTags>
    <techHediffsMoney>
      <min>2000</min>
      <max>3000</max>
    </techHediffsMoney>
    <techHediffsTags>
      <li>Simple</li>
    </techHediffsTags>
    <techHediffsChance>0.51</techHediffsChance>
    <invNutrition>2.55</invNutrition>
    <inventoryOptions>
      <skipChance>0.75</skipChance>
      <subOptionsChooseOne>
        <li>
          <choiceChance>90</choiceChance>
          <thingDef>Silver</thingDef>
          <countRange>
            <min>255</min>
            <max>705</max>
          </countRange>
        </li>
        <li>
          <choiceChance>10</choiceChance>
          <thingDef>Silver</thingDef>
          <countRange>
            <min>700</min>
            <max>1000</max>
          </countRange>
        </li>
      </subOptionsChooseOne>
    </inventoryOptions>
  </PawnKindDef>
  
  <!-- ============================ Lion Civilians ========================== -->
  
  <PawnKindDef ParentName="LionCivBase">
    <defName>LionColonist</defName>
    <label>lion citizen</label>
  </PawnKindDef>

  <PawnKindDef ParentName="LionCivBase">
    <defName>LionPackLeader</defName>
    <label>Lion King</label>
    <labelPlural>Kings</labelPlural>
    <factionLeader>true</factionLeader>
	<minGenerationAge>19</minGenerationAge>
	<maxGenerationAge>85</maxGenerationAge>
  </PawnKindDef>
  
  <PawnKindDef ParentName="LionCivBase">
    <defName>LionTrader</defName>
    <label>colony merchant</label>
    <trader>true</trader>
  </PawnKindDef>
  
  <PawnKindDef ParentName="LionCivBase">
    <defName>LionSlave</defName>
    <label>labour hire</label>
  </PawnKindDef>

  <PawnKindDef ParentName="LionCivBase">
    <defName>LionRefugee</defName>
    <label>tourist</label>
  </PawnKindDef>

  
  <!-- ============================ Lion Security ========================== -->
  
  <PawnKindDef ParentName="LionCivBase">
    <defName>LionSecurityGuard</defName>
    <label>security officer</label>
    <combatPower>50</combatPower>
    <maxGenerationAge>100</maxGenerationAge>
    <gearHealthRange>
      <min>0.5</min>
      <max>1.8</max>
    </gearHealthRange>
    <apparelMoney>
      <min>700</min>
      <max>9000</max>
    </apparelMoney>
    <weaponMoney>
      <min>1400</min>
      <max>38000</max>
    </weaponMoney>
    <techHediffsMoney>
      <min>200</min>
      <max>5000</max>
    </techHediffsMoney>
    <techHediffsTags>
      <li>Simple</li>
    </techHediffsTags>
    <techHediffsChance>0.20</techHediffsChance>
    <invNutrition>2.55</invNutrition>
    <inventoryOptions>
      <skipChance>0.95</skipChance>
      <thingDef>Silver</thingDef>
      <countRange>
        <min>30</min>
        <max>1000</max>
      </countRange>
    </inventoryOptions>
  </PawnKindDef>
  
 
  <!-- ============================ Lion Military Base ========================== -->
  
  <PawnKindDef Name="LionMilBase" ParentName="LionBase" Abstract="True">
    <chemicalAddictionChance>0</chemicalAddictionChance>
    <isFighter>true</isFighter>
	<race>Alien_Lion</race>
    <invNutrition>2.55</invNutrition>	
    <itemQuality>Excellent</itemQuality>
	<minGenerationAge>19</minGenerationAge>
    <maxGenerationAge>46</maxGenerationAge>
    <gearHealthRange>
      <min>0.7</min>
      <max>2.3</max>
    </gearHealthRange>
    <apparelTags>
      <li>LionClothing</li>
      <li>LionArmor</li>
    </apparelTags>
    <apparelMoney>
      <min>150000</min>
      <max>580000</max>
    </apparelMoney>
    <weaponMoney>
      <min>999999</min>
      <max>999999</max>
    </weaponMoney>
    <techHediffsMoney>
      <min>1000</min>
      <max>15000</max>
    </techHediffsMoney>
    <inventoryOptions>
      <skipChance>0.8</skipChance>
      <subOptionsChooseOne>
        <li>
          <thingDef>Silver</thingDef>
          <countRange>
            <min>50</min>
            <max>20000</max>
          </countRange>
        </li>
        <li>
          <thingDef>MedicineIndustrial</thingDef>
          <countRange>
            <min>1</min>
            <max>1</max>
          </countRange>
        </li>
      </subOptionsChooseOne>
    </inventoryOptions>
  </PawnKindDef>
  
  <!-- ============================ Lion Military ========================== -->
  
  <PawnKindDef ParentName="LionMilBase">
    <defName>LionRecruit</defName>
    <label>private</label>
    <combatPower>70</combatPower>
  </PawnKindDef>

  
  <PawnKindDef ParentName="LionMilBase">
    <defName>LionHunter</defName>
    <label>sniper</label>
    <combatPower>90</combatPower>
    <minGenerationAge>19</minGenerationAge>
    <gearHealthRange>
      <min>0.7</min>
      <max>2.3</max>
    </gearHealthRange>
    <apparelTags>
      <li>LionClothing</li>
      <li>LionArmor</li>
    </apparelTags>
    <apparelMoney>
      <min>15000</min>
      <max>25000</max>
    </apparelMoney>
    <weaponMoney>
      <min>1400</min>
      <max>28000</max>
    </weaponMoney>
    <weaponTags>
      <li>SniperRifle</li>
    </weaponTags>
    <techHediffsMoney>
      <min>1000</min>
      <max>15000</max>
    </techHediffsMoney>
    <combatEnhancingDrugsCount>
      <min>0</min>
      <max>2</max>
    </combatEnhancingDrugsCount>
    <techHediffsTags>
      <li>Advanced</li>
    </techHediffsTags>
    <techHediffsChance>0.73</techHediffsChance>
    <inventoryOptions>
      <skipChance>0.8</skipChance>
      <subOptionsChooseOne>
        <li>
          <thingDef>Silver</thingDef>
          <countRange>
            <min>500</min>
            <max>2000</max>
          </countRange>
        </li>
        <li>
          <thingDef>MedicineIndustrial</thingDef>
          <countRange>
            <min>1</min>
            <max>1</max>
          </countRange>
        </li>
      </subOptionsChooseOne>
    </inventoryOptions>
  </PawnKindDef>
  

  <PawnKindDef ParentName="LionMilBase">
    <defName>LionCommando</defName>
    <label>stealth ops</label>
    <combatPower>135</combatPower>
    <minGenerationAge>20</minGenerationAge>
    <gearHealthRange>
      <min>0.5</min>
      <max>2.3</max>
    </gearHealthRange>
    <apparelTags>
      <li>LionClothing</li>
      <li>LionArmor</li>
    </apparelTags>
    <apparelMoney>
      <min>10000</min>
      <max>260000</max>
    </apparelMoney>
    <weaponMoney>
      <min>999999</min>
      <max>999999</max>
    </weaponMoney>
    <techHediffsMoney>
      <min>2000</min>
      <max>30000</max>
    </techHediffsMoney>
    <techHediffsTags>
      <li>Advanced</li>
    </techHediffsTags>
    <techHediffsChance>0.88</techHediffsChance>
    <inventoryOptions>
      <skipChance>0.8</skipChance>
      <subOptionsChooseOne>
        <li>
          <thingDef>Silver</thingDef>
          <countRange>
            <min>180</min>
            <max>400</max>
          </countRange>
        </li>
        <li>
          <thingDef>MedicineIndustrial</thingDef>
          <countRange>
            <min>1</min>
            <max>2</max>
          </countRange>
        </li>
      </subOptionsChooseOne>
    </inventoryOptions>
  </PawnKindDef>

  
  <PawnKindDef ParentName="LionMilBase">
     <defName>LionCommandoElite</defName>
    <label>honour guard</label>
    <combatPower>220</combatPower>
    <minGenerationAge>26</minGenerationAge>
    <gearHealthRange>
      <min>0.8</min>
      <max>3.5</max>
    </gearHealthRange>
    <apparelTags>
      <li>LionClothing</li>
      <li>LionArmor</li>
    </apparelTags>
    <apparelMoney>
      <min>25000</min>
      <max>420000</max>
    </apparelMoney>
    <weaponMoney>
      <min>999999</min>
      <max>999999</max>
    </weaponMoney>
    <weaponTags>
	  <li>EliteGun</li>
      <li>AdvancedGun</li>
    </weaponTags>
    <techHediffsMoney>
      <min>2000</min>
      <max>8000</max>
    </techHediffsMoney>
    <techHediffsTags>
      <li>Advanced</li>
    </techHediffsTags>
    <techHediffsChance>0.80</techHediffsChance>
    <inventoryOptions>
      <skipChance>0.8</skipChance>
      <subOptionsChooseOne>
        <li>
          <thingDef>Silver</thingDef>
          <countRange>
            <min>120</min>
            <max>480</max>
          </countRange>
        </li>
        <li> 
          <thingDef>MedicineIndustrial</thingDef>
          <countRange>
            <min>1</min>
            <max>2</max>
          </countRange>
        </li>
      </subOptionsChooseOne>
    </inventoryOptions>
  </PawnKindDef>
  

</Defs>