<?xml version="1.0" encoding="utf-8" ?>
<Defs>

  <PawnKindDef Abstract="True" Name="BaseSergalPawnKind">
    <race>Alien_Sergal</race>
    <combatPower>40</combatPower>
    <baseRecruitDifficulty>0.50</baseRecruitDifficulty>
    <isFighter>false</isFighter>
    <apparelIgnoreSeasons>true</apparelIgnoreSeasons>
    <forceNormalGearQuality>true</forceNormalGearQuality>
  </PawnKindDef>

  <PawnKindDef ParentName="BaseSergalPawnKind">
    <defName>Sergal</defName>
    <label>sergal colonist</label>
    <defaultFactionType>SergalPlayerColony</defaultFactionType>
    <backstoryCategories>
			<li>SergalBackstory</li>
  	</backstoryCategories>
    <chemicalAddictionChance>0.01</chemicalAddictionChance>
    <apparelTags>
      <li>Spacer</li>
      <li>IndustrialBasic</li>
      <li>IndustrialAdvanced</li>
      <li>IndustrialMilitaryBasic</li>
      <li>IndustrialMilitaryAdvanced</li>
    </apparelTags>
    <apparelMoney>
      <min>1000</min>
      <max>2400</max>
    </apparelMoney>
    <backstoryCryptosleepCommonality>1</backstoryCryptosleepCommonality>
  </PawnKindDef>

</Defs>