<?xml version="1.0" encoding="utf-8" ?>
<Defs>

  <PawnKindDef Abstract="True" Name="BaseLionPawnKind">
    <race>Alien_Lion</race>
    <combatPower>40</combatPower>
    <baseRecruitDifficulty>0.50</baseRecruitDifficulty>
    <isFighter>false</isFighter>
    <apparelIgnoreSeasons>true</apparelIgnoreSeasons>
	        <apparelTags>
            <li>LionClothing</li>
        </apparelTags>
    <forceNormalGearQuality>true</forceNormalGearQuality>
  </PawnKindDef>

  <PawnKindDef ParentName="BaseLionPawnKind">
    <defName>Lion</defName>
    <label>lion colonist</label>
    <defaultFactionType>LionPlayerColony</defaultFactionType>
    <backstoryCategories>
			<li>LionBackstory</li>
  	</backstoryCategories>
    <chemicalAddictionChance>0.01</chemicalAddictionChance>
    <apparelTags>
       <li>LionClothing</li>
    </apparelTags>
    <apparelMoney>
      <min>100000</min>
      <max>240000</max>
    </apparelMoney>
    <backstoryCryptosleepCommonality>1</backstoryCryptosleepCommonality>
  </PawnKindDef>

</Defs>