<?xml version="1.0" encoding="utf-8" ?>
<Defs>

  <PawnKindDef Name="BaseFrogPawnKind">
    <race>Alien_Frog</race>
    <combatPower>40</combatPower>
    <baseRecruitDifficulty>0.50</baseRecruitDifficulty>
    <isFighter>false</isFighter>
    <apparelIgnoreSeasons>true</apparelIgnoreSeasons>
    <forceNormalGearQuality>true</forceNormalGearQuality>
    <initialWillRange>1~3</initialWillRange>
    <initialResistanceRange>10~16</initialResistanceRange>
  </PawnKindDef>

  <PawnKindDef ParentName="BaseFrogPawnKind">
    <defName>Frog</defName>
    <label>Frog colonist</label>
    <defaultFactionType>FrogPlayerColony</defaultFactionType>
    <backstoryCategories>
			<li>FrogBackstory</li>
            <li>Tribal</li>
            <li>Civil</li>
            <li>GnollBackstory</li>
  	</backstoryCategories>
    <chemicalAddictionChance>0.01</chemicalAddictionChance>
    <apparelTags>
      <li>Spacer</li>
      <li>IndustrialBasic</li>
      <li>IndustrialAdvanced</li>
      <li>IndustrialMilitaryBasic</li>
      <li>IndustrialMilitaryAdvanced</li>
      <li>SpacerMilitary</li>
    </apparelTags>
    <apparelMoney>
      <min>1000</min>
      <max>2400</max>
    </apparelMoney>
    <backstoryCryptosleepCommonality>1</backstoryCryptosleepCommonality>
  </PawnKindDef>

</Defs>