<?xml version="1.0" encoding="utf-8" ?>
<Defs>

  <PawnKindDef Name="StripedGnollTribalBase" Abstract="True">
    <race>Alien_StripedGnoll</race>
    <defaultFactionType>TribeCivil</defaultFactionType>
    <backstoryCategories>
      <li>StripedGnollTribalBackstory</li>
    </backstoryCategories>
    <maxGenerationAge>60</maxGenerationAge>
    <chemicalAddictionChance>0.05</chemicalAddictionChance>
    <invNutrition>2.55</invNutrition>
    <invFoodDef>Pemmican</invFoodDef>
    <apparelTags>
      <li>Neolithic</li>
    </apparelTags>
    <initialWillRange>1~3</initialWillRange>
    <initialResistanceRange>5~23</initialResistanceRange>
  </PawnKindDef>

  <!-- Poverty tier - penitent -->

  <PawnKindDef ParentName="StripedGnollTribalBase">
    <defName>StripedGnoll_Penitent</defName>
    <label>Striped Gnoll Penitent</label>
    <race>Alien_StripedGnoll</race>
    <defaultFactionType>TribeCivil</defaultFactionType>
    <backstoryCategories>
      <li>StripedGnollTribalBackstory</li>
    </backstoryCategories>
    <maxGenerationAge>60</maxGenerationAge>
    <chemicalAddictionChance>0.05</chemicalAddictionChance>
    <invNutrition>2.55</invNutrition>
    <invFoodDef>Pemmican</invFoodDef>
    <apparelTags>
      <li>Neolithic</li>
    </apparelTags>
    <combatPower>35</combatPower>
    <itemQuality>Poor</itemQuality>
    <gearHealthRange>
      <min>0.2</min>
      <max>1.1</max>
    </gearHealthRange>
    <apparelMoney>
      <min>50</min>
      <max>100</max>
    </apparelMoney>
    <weaponMoney>
      <min>90</min>
      <max>150</max>
    </weaponMoney>
    <weaponTags>
      <li>NeolithicMeleeBasic</li>
    </weaponTags>
    <techHediffsMoney>
      <min>50</min>
      <max>50</max>
    </techHediffsMoney>
    <techHediffsTags>
      <li>Poor</li>
    </techHediffsTags>
    <techHediffsChance>0.15</techHediffsChance>
  </PawnKindDef>

  <!-- Low tier - archer -->

  <PawnKindDef ParentName="StripedGnollTribalBase">
		<defName>StripedGnoll_Archer</defName>
		<label>Striped Gnoll Archer</label>
    <race>Alien_StripedGnoll</race>
    <defaultFactionType>TribeCivil</defaultFactionType>
    <backstoryCategories>
      <li>StripedGnollTribalBackstory</li>
    </backstoryCategories>
    <maxGenerationAge>60</maxGenerationAge>
    <chemicalAddictionChance>0.05</chemicalAddictionChance>
    <invNutrition>2.55</invNutrition>
    <invFoodDef>Pemmican</invFoodDef>
    <apparelTags>
      <li>Neolithic</li>
    </apparelTags>
    <combatPower>48</combatPower>
    <itemQuality>Poor</itemQuality>
    <gearHealthRange>
      <min>0.5</min>
      <max>1.8</max>
    </gearHealthRange>
    <apparelMoney>
      <min>180</min>
      <max>350</max>
    </apparelMoney>
    <weaponMoney>
			<min>80</min>
			<max>80</max>
		</weaponMoney>
		<weaponTags>
			<li>NeolithicRangedBasic</li>
		</weaponTags>
    <techHediffsMoney>
      <min>50</min>
      <max>50</max>
    </techHediffsMoney>
    <techHediffsTags>
      <li>Poor</li>
    </techHediffsTags>
    <techHediffsChance>0.03</techHediffsChance>
	</PawnKindDef>

  <!-- Mid tier - warrior, hunter, trader -->
  
  <PawnKindDef ParentName="StripedGnollTribalBase">
    <defName>StripedGnoll_Warrior</defName>
    <label>Striped Gnoll Warrior</label>
    <race>Alien_StripedGnoll</race>
    <defaultFactionType>TribeCivil</defaultFactionType>
    <backstoryCategories>
      <li>StripedGnollTribalBackstory</li>
    </backstoryCategories>
    <maxGenerationAge>60</maxGenerationAge>
    <chemicalAddictionChance>0.05</chemicalAddictionChance>
    <invNutrition>2.55</invNutrition>
    <invFoodDef>Pemmican</invFoodDef>
    <apparelTags>
      <li>Neolithic</li>
    </apparelTags>
    <combatPower>60</combatPower>
    <itemQuality>Poor</itemQuality>
    <canBeSapper>true</canBeSapper>
    <gearHealthRange>
      <min>0.5</min>
      <max>1.8</max>
    </gearHealthRange>
    <apparelMoney>
      <min>200</min>
      <max>300</max>
    </apparelMoney>
    <apparelRequired>
      <li>Apparel_WarVeil</li>
    </apparelRequired>
    <weaponMoney>
      <min>150</min>
      <max>150</max>
    </weaponMoney>
    <weaponTags>
      <li>NeolithicMeleeDecent</li>
    </weaponTags>
  </PawnKindDef>

  <PawnKindDef ParentName="StripedGnollTribalBase">
    <defName>StripedGnoll_Hunter</defName>
    <label>Striped Gnoll Hunter</label>
    <race>Alien_StripedGnoll</race>
    <defaultFactionType>TribeCivil</defaultFactionType>
    <backstoryCategories>
      <li>StripedGnollTribalBackstory</li>
    </backstoryCategories>
    <maxGenerationAge>60</maxGenerationAge>
    <chemicalAddictionChance>0.05</chemicalAddictionChance>
    <invNutrition>2.55</invNutrition>
    <invFoodDef>Pemmican</invFoodDef>
    <apparelTags>
      <li>Neolithic</li>
    </apparelTags>
    <combatPower>65</combatPower>
    <gearHealthRange>
      <min>0.5</min>
      <max>1.8</max>
    </gearHealthRange>
    <apparelMoney>
      <min>200</min>
      <max>300</max>
    </apparelMoney>
    <apparelRequired>
      <li>Apparel_WarVeil</li>
    </apparelRequired>
    <weaponMoney>
      <min>100</min>
      <max>100</max>
    </weaponMoney>
    <weaponTags>
      <li>NeolithicRangedDecent</li>
    </weaponTags>
  </PawnKindDef>
  
  <PawnKindDef ParentName="StripedGnollTribalBase">
    <defName>StripedGnoll_Trader</defName>
    <label>Striped Gnoll Trader</label>
    <race>Alien_StripedGnoll</race>
    <defaultFactionType>TribeCivil</defaultFactionType>
    <backstoryCategories>
      <li>StripedGnollTribalBackstory</li>
    </backstoryCategories>
    <combatPower>30</combatPower>
    <maxGenerationAge>60</maxGenerationAge>
    <chemicalAddictionChance>0.05</chemicalAddictionChance>
    <invNutrition>2.55</invNutrition>
    <invFoodDef>Pemmican</invFoodDef>
    <apparelTags>
      <li>Neolithic</li>
    </apparelTags>
    <trader>true</trader>
    <apparelRequired Inherit="False">
      <li>Apparel_TribalHeaddress</li>
    </apparelRequired>
  </PawnKindDef>

  <!-- High tier - berserker, heavy archer, chief melee, chief ranged -->

  <PawnKindDef ParentName="StripedGnollTribalBase">
    <defName>StripedGnoll_Berserker</defName>
    <label>Striped Gnoll Berserker</label>
    <race>Alien_StripedGnoll</race>
    <defaultFactionType>TribeCivil</defaultFactionType>
    <backstoryCategories>
      <li>StripedGnollTribalBackstory</li>
    </backstoryCategories>
    <maxGenerationAge>60</maxGenerationAge>
    <chemicalAddictionChance>0.05</chemicalAddictionChance>
    <invNutrition>2.55</invNutrition>
    <invFoodDef>Pemmican</invFoodDef>
    <apparelTags>
      <li>Neolithic</li>
    </apparelTags>
    <combatPower>90</combatPower>
    <canBeSapper>true</canBeSapper>
    <apparelMoney>
      <min>200</min>
      <max>550</max>
    </apparelMoney>
    <apparelRequired>
      <li>Apparel_WarMask</li>
    </apparelRequired>
    <weaponMoney>
      <min>300</min>
      <max>300</max>
    </weaponMoney>
    <weaponTags>
      <li>NeolithicMeleeAdvanced</li>
    </weaponTags>
  </PawnKindDef>

  <PawnKindDef ParentName="StripedGnollTribalBase">
    <defName>StripedGnoll_HeavyArcher</defName>
    <label>Striped Gnoll Heavy Archer</label>
    <race>Alien_StripedGnoll</race>
    <defaultFactionType>TribeCivil</defaultFactionType>
    <backstoryCategories>
      <li>StripedGnollTribalBackstory</li>
    </backstoryCategories>
    <maxGenerationAge>60</maxGenerationAge>
    <chemicalAddictionChance>0.05</chemicalAddictionChance>
    <invNutrition>2.55</invNutrition>
    <invFoodDef>Pemmican</invFoodDef>
    <apparelTags>
      <li>Neolithic</li>
    </apparelTags>
    <combatPower>90</combatPower>
    <apparelMoney>
      <min>200</min>
      <max>550</max>
    </apparelMoney>
    <apparelRequired>
      <li>Apparel_WarMask</li>
    </apparelRequired>
    <weaponMoney>
      <min>250</min>
      <max>250</max>
    </weaponMoney>
    <weaponTags>
      <li>NeolithicRangedHeavy</li>
    </weaponTags>
  </PawnKindDef>

  <!--PawnKindDef ParentName="StripedGnollTribalBase">
    <defName>StripedGnoll_ChiefMelee</defName>
    <race>Alien_StripedGnoll</race>
    <defaultFactionType>TribeCivil</defaultFactionType>
    <backstoryCategories>
      <li>StripedGnollTribalBackstory</li>
    </backstoryCategories>
    <chemicalAddictionChance>0.05</chemicalAddictionChance>
    <invNutrition>2.55</invNutrition>
    <invFoodDef>Pemmican</invFoodDef>
    <apparelTags>
      <li>Neolithic</li>
    </apparelTags>
    <combatPower>130</combatPower>
    <baseRecruitDifficulty>0.60</baseRecruitDifficulty>
    <minGenerationAge>30</minGenerationAge>
    <maxGenerationAge>60</maxGenerationAge>
    <itemQuality>Normal</itemQuality>
    <factionLeader>true</factionLeader>
    <canBeSapper>true</canBeSapper>
    <apparelMoney>
      <min>450</min>
      <max>750</max>
    </apparelMoney>
    <apparelRequired>
      <li>Apparel_TribalHeaddress</li>
      <li>Apparel_PlateArmor</li>
    </apparelRequired>
    <weaponMoney>
      <min>500</min>
      <max>1000</max>
    </weaponMoney>
  </PawnKindDef-->
  
  <PawnKindDef ParentName="StripedGnollTribalBase">
    <defName>StripedGnoll_ChiefMelee</defName>
    <label>Striped Gnoll Berserker Chief</label>
    <initialWillRange>13~27</initialWillRange>
    <initialResistanceRange>35~63</initialResistanceRange>
    <combatPower>130</combatPower>
    <baseRecruitDifficulty>0.90</baseRecruitDifficulty>
    <minGenerationAge>30</minGenerationAge>
    <maxGenerationAge>999</maxGenerationAge>
    <itemQuality>Normal</itemQuality>
    <factionLeader>true</factionLeader>
    <canBeSapper>true</canBeSapper>
    <apparelMoney>
      <min>450</min>
      <max>750</max>
    </apparelMoney>
    <apparelRequired>
      <li>Apparel_TribalHeaddress</li>
      <li>Apparel_PlateArmor</li>
    </apparelRequired>
    <weaponMoney>
      <min>500</min>
      <max>1000</max>
    </weaponMoney>
    <race>Alien_StripedGnoll</race>
    <defaultFactionType>TribeCivil</defaultFactionType>
    <backstoryCategories>
      <li>StripedGnollTribalBackstory</li>
    </backstoryCategories>
    <chemicalAddictionChance>0.05</chemicalAddictionChance>
    <invNutrition>2.55</invNutrition>
    <invFoodDef>Pemmican</invFoodDef>
    <apparelTags>
      <li>Neolithic</li>
    </apparelTags>
    <weaponTags>
      <li>NeolithicMeleeAdvanced</li>
      <li>MedievalMeleeAdvanced</li>
    </weaponTags>
  </PawnKindDef>
  
  <PawnKindDef ParentName="StripedGnollTribalBase">
    <defName>StripedGnoll_ChiefRanged</defName>
    <label>Striped Gnoll Archer Chief</label>
    <race>Alien_StripedGnoll</race>
    <defaultFactionType>TribeCivil</defaultFactionType>
    <backstoryCategories>
      <li>StripedGnollTribalBackstory</li>
    </backstoryCategories>
    <chemicalAddictionChance>0.05</chemicalAddictionChance>
    <invNutrition>2.55</invNutrition>
    <invFoodDef>Pemmican</invFoodDef>
    <apparelTags>
      <li>Neolithic</li>
    </apparelTags>
    <combatPower>130</combatPower>
    <baseRecruitDifficulty>0.90</baseRecruitDifficulty>
    <minGenerationAge>30</minGenerationAge>
    <maxGenerationAge>999</maxGenerationAge>
    <itemQuality>Normal</itemQuality>
    <factionLeader>true</factionLeader>
    <canBeSapper>true</canBeSapper>
    <apparelMoney>
      <min>450</min>
      <max>750</max>
    </apparelMoney>
    <apparelRequired>
      <li>Apparel_TribalHeaddress</li>
      <li>Apparel_PlateArmor</li>
    </apparelRequired>
    <weaponMoney>
      <min>500</min>
      <max>1000</max>
    </weaponMoney>
    <weaponTags>
      <li>NeolithicRangedChief</li>
    </weaponTags>
  </PawnKindDef>

  

  <PawnKindDef Name="GnollTribalBase" Abstract="True">
    <race>Alien_SGnoll</race>
    <defaultFactionType>TribeCivil</defaultFactionType>
    <backstoryCategories>
      <li>GnollTribalBackstory</li>
    </backstoryCategories>
    <maxGenerationAge>60</maxGenerationAge>
    <chemicalAddictionChance>0.05</chemicalAddictionChance>
    <invNutrition>2.55</invNutrition>
    <invFoodDef>Pemmican</invFoodDef>
    <apparelTags>
      <li>Medieval</li>
    </apparelTags>
  </PawnKindDef>
  

  <!-- Poverty tier - penitent -->

  <PawnKindDef ParentName="GnollTribalBase">
    <defName>Gnoll_Penitent</defName>
    <label>Gnoll Penitent</label>
    <race>Alien_SGnoll</race>
    <defaultFactionType>TribeCivil</defaultFactionType>
    <backstoryCategories>
      <li>GnollTribalBackstory</li>
    </backstoryCategories>
    <maxGenerationAge>60</maxGenerationAge>
    <chemicalAddictionChance>0.05</chemicalAddictionChance>
    <invNutrition>2.55</invNutrition>
    <invFoodDef>Pemmican</invFoodDef>
    <apparelTags>
      <li>Neolithic</li>
    </apparelTags>
    <combatPower>35</combatPower>
    <itemQuality>Poor</itemQuality>
    <gearHealthRange>
      <min>0.2</min>
      <max>1.1</max>
    </gearHealthRange>
    <apparelMoney>
      <min>50</min>
      <max>100</max>
    </apparelMoney>
    <weaponMoney>
      <min>90</min>
      <max>150</max>
    </weaponMoney>
    <weaponTags>
      <li>NeolithicMeleeBasic</li>
    </weaponTags>
    <techHediffsMoney>
      <min>50</min>
      <max>50</max>
    </techHediffsMoney>
    <techHediffsTags>
      <li>Poor</li>
    </techHediffsTags>
    <techHediffsChance>0.15</techHediffsChance>
  </PawnKindDef>

  <!-- Low tier - archer -->

  <PawnKindDef ParentName="GnollTribalBase">
    <defName>Gnoll_Archer</defName>
    <label>Gnoll Archer</label>
    <race>Alien_SGnoll</race>
    <defaultFactionType>TribeCivil</defaultFactionType>
    <backstoryCategories>
      <li>GnollTribalBackstory</li>
    </backstoryCategories>
    <maxGenerationAge>60</maxGenerationAge>
    <chemicalAddictionChance>0.05</chemicalAddictionChance>
    <invNutrition>2.55</invNutrition>
    <invFoodDef>Pemmican</invFoodDef>
    <apparelTags>
      <li>Neolithic</li>
    </apparelTags>
    <combatPower>48</combatPower>
    <itemQuality>Poor</itemQuality>
    <gearHealthRange>
      <min>0.5</min>
      <max>1.8</max>
    </gearHealthRange>
    <apparelMoney>
      <min>180</min>
      <max>350</max>
    </apparelMoney>
    <weaponMoney>
			<min>80</min>
			<max>80</max>
		</weaponMoney>
		<weaponTags>
			<li>NeolithicRangedBasic</li>
		</weaponTags>
    <techHediffsMoney>
      <min>50</min>
      <max>50</max>
    </techHediffsMoney>
    <techHediffsTags>
      <li>Poor</li>
    </techHediffsTags>
    <techHediffsChance>0.03</techHediffsChance>
	</PawnKindDef>

  <!-- Mid tier - warrior, hunter, trader -->
  
  <PawnKindDef ParentName="GnollTribalBase">
    <defName>Gnoll_Warrior</defName>
    <label>Gnoll Warrior</label>
    <race>Alien_SGnoll</race>
    <defaultFactionType>TribeCivil</defaultFactionType>
    <backstoryCategories>
      <li>GnollTribalBackstory</li>
    </backstoryCategories>
    <maxGenerationAge>60</maxGenerationAge>
    <chemicalAddictionChance>0.05</chemicalAddictionChance>
    <invNutrition>2.55</invNutrition>
    <invFoodDef>Pemmican</invFoodDef>
    <apparelTags>
      <li>Neolithic</li>
    </apparelTags>
    <combatPower>60</combatPower>
    <itemQuality>Poor</itemQuality>
    <canBeSapper>true</canBeSapper>
    <gearHealthRange>
      <min>0.5</min>
      <max>1.8</max>
    </gearHealthRange>
    <apparelMoney>
      <min>200</min>
      <max>300</max>
    </apparelMoney>
    <apparelRequired>
      <li>Apparel_WarVeil</li>
    </apparelRequired>
    <weaponMoney>
      <min>150</min>
      <max>150</max>
    </weaponMoney>
    <weaponTags>
      <li>NeolithicMeleeDecent</li>
    </weaponTags>
  </PawnKindDef>

  <PawnKindDef ParentName="GnollTribalBase">
    <defName>Gnoll_Hunter</defName>
    <label>Gnoll Hunter</label>
    <race>Alien_SGnoll</race>
    <defaultFactionType>TribeCivil</defaultFactionType>
    <backstoryCategories>
      <li>GnollTribalBackstory</li>
    </backstoryCategories>
    <maxGenerationAge>60</maxGenerationAge>
    <chemicalAddictionChance>0.05</chemicalAddictionChance>
    <invNutrition>2.55</invNutrition>
    <invFoodDef>Pemmican</invFoodDef>
    <apparelTags>
      <li>Neolithic</li>
    </apparelTags>
    <combatPower>65</combatPower>
    <gearHealthRange>
      <min>0.5</min>
      <max>1.8</max>
    </gearHealthRange>
    <apparelMoney>
      <min>200</min>
      <max>300</max>
    </apparelMoney>
    <apparelRequired>
      <li>Apparel_WarVeil</li>
    </apparelRequired>
    <weaponMoney>
      <min>100</min>
      <max>100</max>
    </weaponMoney>
    <weaponTags>
      <li>NeolithicRangedDecent</li>
    </weaponTags>
  </PawnKindDef>
  
  <PawnKindDef ParentName="GnollTribalBase">
    <defName>Gnoll_Trader</defName>
    <label>Gnoll Trader</label>
    <race>Alien_SGnoll</race>
    <defaultFactionType>TribeCivil</defaultFactionType>
    <backstoryCategories>
      <li>GnollTribalBackstory</li>
    </backstoryCategories>
    <combatPower>30</combatPower>
    <maxGenerationAge>60</maxGenerationAge>
    <chemicalAddictionChance>0.05</chemicalAddictionChance>
    <invNutrition>2.55</invNutrition>
    <invFoodDef>Pemmican</invFoodDef>
    <apparelTags>
      <li>Neolithic</li>
    </apparelTags>
    <trader>true</trader>
    <apparelRequired Inherit="False">
      <li>Apparel_TribalHeaddress</li>
    </apparelRequired>
  </PawnKindDef>

  <!-- High tier - berserker, heavy archer, chief melee, chief ranged -->

  <PawnKindDef ParentName="GnollTribalBase">
    <defName>Gnoll_Berserker</defName>
    <label>Gnoll Berserker</label>
    <race>Alien_SGnoll</race>
    <defaultFactionType>TribeCivil</defaultFactionType>
    <backstoryCategories>
      <li>GnollTribalBackstory</li>
    </backstoryCategories>
    <maxGenerationAge>60</maxGenerationAge>
    <chemicalAddictionChance>0.05</chemicalAddictionChance>
    <invNutrition>2.55</invNutrition>
    <invFoodDef>Pemmican</invFoodDef>
    <apparelTags>
      <li>Neolithic</li>
    </apparelTags>
    <combatPower>90</combatPower>
    <canBeSapper>true</canBeSapper>
    <apparelMoney>
      <min>200</min>
      <max>550</max>
    </apparelMoney>
    <apparelRequired>
      <li>Apparel_WarMask</li>
    </apparelRequired>
    <weaponMoney>
      <min>300</min>
      <max>300</max>
    </weaponMoney>
    <weaponTags>
      <li>NeolithicMeleeAdvanced</li>
    </weaponTags>
  </PawnKindDef>

  <PawnKindDef ParentName="GnollTribalBase">
    <defName>Gnoll_HeavyArcher</defName>
    <label>Gnoll Heavy Archer</label>
    <race>Alien_SGnoll</race>
    <defaultFactionType>TribeCivil</defaultFactionType>
    <backstoryCategories>
      <li>GnollTribalBackstory</li>
    </backstoryCategories>
    <maxGenerationAge>60</maxGenerationAge>
    <chemicalAddictionChance>0.05</chemicalAddictionChance>
    <invNutrition>2.55</invNutrition>
    <invFoodDef>Pemmican</invFoodDef>
    <apparelTags>
      <li>Neolithic</li>
    </apparelTags>
    <combatPower>90</combatPower>
    <apparelMoney>
      <min>200</min>
      <max>550</max>
    </apparelMoney>
    <apparelRequired>
      <li>Apparel_WarMask</li>
    </apparelRequired>
    <weaponMoney>
      <min>250</min>
      <max>250</max>
    </weaponMoney>
    <weaponTags>
      <li>NeolithicRangedHeavy</li>
    </weaponTags>
  </PawnKindDef>

  <!--PawnKindDef ParentName="GnollTribalBase">
    <defName>Gnoll_ChiefMelee</defName>
    <race>Alien_SGnoll</race>
    <defaultFactionType>TribeCivil</defaultFactionType>
    <backstoryCategories>
      <li>GnollTribalBackstory</li>
    </backstoryCategories>
    <chemicalAddictionChance>0.05</chemicalAddictionChance>
    <invNutrition>2.55</invNutrition>
    <invFoodDef>Pemmican</invFoodDef>
    <apparelTags>
      <li>Neolithic</li>
    </apparelTags>
    <combatPower>130</combatPower>
    <baseRecruitDifficulty>0.90</baseRecruitDifficulty>
    <minGenerationAge>30</minGenerationAge>
    <maxGenerationAge>999</maxGenerationAge>
    <itemQuality>Normal</itemQuality>
    <factionLeader>true</factionLeader>
    <canBeSapper>true</canBeSapper>
    <apparelMoney>
      <min>450</min>
      <max>750</max>
    </apparelMoney>
    <apparelRequired>
      <li>Apparel_TribalHeaddress</li>
      <li>Apparel_PlateArmor</li>
    </apparelRequired>
    <weaponMoney>
      <min>500</min>
      <max>1000</max>
    </weaponMoney>
  </PawnKindDef-->
  
  <PawnKindDef ParentName="GnollTribalBase">
    <defName>Gnoll_ChiefMelee</defName>
    <label>Gnoll Berserker Chief</label>
    <combatPower>130</combatPower>
    <baseRecruitDifficulty>0.90</baseRecruitDifficulty>
    <minGenerationAge>30</minGenerationAge>
    <maxGenerationAge>999</maxGenerationAge>
    <itemQuality>Normal</itemQuality>
    <factionLeader>true</factionLeader>
    <canBeSapper>true</canBeSapper>
    <apparelMoney>
      <min>450</min>
      <max>750</max>
    </apparelMoney>
    <apparelRequired>
      <li>Apparel_TribalHeaddress</li>
      <li>Apparel_PlateArmor</li>
    </apparelRequired>
    <weaponMoney>
      <min>500</min>
      <max>1000</max>
    </weaponMoney>
    <race>Alien_SGnoll</race>
    <defaultFactionType>TribeCivil</defaultFactionType>
    <backstoryCategories>
      <li>GnollTribalBackstory</li>
    </backstoryCategories>
    <chemicalAddictionChance>0.05</chemicalAddictionChance>
    <invNutrition>2.55</invNutrition>
    <invFoodDef>Pemmican</invFoodDef>
    <apparelTags>
      <li>Neolithic</li>
    </apparelTags>
    <weaponTags>
      <li>NeolithicMeleeAdvanced</li>
      <li>MedievalMeleeAdvanced</li>
    </weaponTags>
  </PawnKindDef>
  
  <PawnKindDef ParentName="GnollTribalBase">
    <defName>Gnoll_ChiefRanged</defName>
    <label>Gnoll Archer Chief</label>
    <race>Alien_SGnoll</race>
    <defaultFactionType>TribeCivil</defaultFactionType>
    <backstoryCategories>
      <li>GnollTribalBackstory</li>
    </backstoryCategories>
    <chemicalAddictionChance>0.05</chemicalAddictionChance>
    <invNutrition>2.55</invNutrition>
    <invFoodDef>Pemmican</invFoodDef>
    <apparelTags>
      <li>Neolithic</li>
    </apparelTags>
    <combatPower>130</combatPower>
    <baseRecruitDifficulty>0.90</baseRecruitDifficulty>
    <minGenerationAge>30</minGenerationAge>
    <maxGenerationAge>999</maxGenerationAge>
    <itemQuality>Normal</itemQuality>
    <factionLeader>true</factionLeader>
    <canBeSapper>true</canBeSapper>
    <apparelMoney>
      <min>450</min>
      <max>750</max>
    </apparelMoney>
    <apparelRequired>
      <li>Apparel_TribalHeaddress</li>
      <li>Apparel_PlateArmor</li>
    </apparelRequired>
    <weaponMoney>
      <min>500</min>
      <max>1000</max>
    </weaponMoney>
    <weaponTags>
      <li>NeolithicRangedChief</li>
    </weaponTags>
  </PawnKindDef>

  
</Defs>