<?xml version="1.0" encoding="utf-8" ?>
<Defs>

  <PawnKindDef Name="SergalTribalBase" Abstract="True">
    <race>Alien_Sergal</race>
    <defaultFactionType>TribeCivil</defaultFactionType>
    <backstoryCategories>
      <li>Tribal</li>
    </backstoryCategories>
    <maxGenerationAge>60</maxGenerationAge>
    <chemicalAddictionChance>0.05</chemicalAddictionChance>
    <invNutrition>2.55</invNutrition>
    <invFoodDef>Pemmican</invFoodDef>
    <apparelTags>
      <li>Medieval</li>
    </apparelTags>
    <initialWillRange>1~3</initialWillRange>
    <initialResistanceRange>5~23</initialResistanceRange>
  </PawnKindDef>

  <!-- Poverty tier - penitent -->

  <PawnKindDef ParentName="SergalTribalBase">
    <defName>Sergal_Tribal_Penitent</defName>
    <label>penitent</label>
    <combatPower>5</combatPower>
    <chemicalAddictionChance>0.10</chemicalAddictionChance>
    <invNutrition>0</invNutrition>
    <itemQuality>Excellent</itemQuality>
    <gearHealthRange>
      <min>0.2</min>
      <max>1.1</max>
    </gearHealthRange>
    <apparelMoney>
      <min>50</min>
      <max>100</max>
    </apparelMoney>
    <weaponMoney>
      <min>900</min>
      <max>1500</max>
    </weaponMoney>
    <weaponTags>
      <li>NeolithicMeleeAdvanced</li>
    </weaponTags>
    <techHediffsMoney>
      <min>500</min>
      <max>500</max>
    </techHediffsMoney>
    <techHediffsTags>
      <li>Poor</li>
    </techHediffsTags>
    <techHediffsChance>0.15</techHediffsChance>
  </PawnKindDef>

  <!-- Low tier - archer -->

  <PawnKindDef ParentName="SergalTribalBase">
		<defName>Sergal_Tribal_Archer</defName>
		<label>archer</label>
    <combatPower>18</combatPower>
    <itemQuality>Poor</itemQuality>
    <gearHealthRange>
      <min>0.5</min>
      <max>1.8</max>
    </gearHealthRange>
    <apparelMoney>
      <min>180</min>
      <max>350</max>
    </apparelMoney>
    <weaponMoney>
			<min>800</min>
			<max>800</max>
		</weaponMoney>
		<weaponTags>
			<li>NeolithicRangedBasic</li>
		</weaponTags>
    <techHediffsMoney>
      <min>50</min>
      <max>50</max>
    </techHediffsMoney>
    <techHediffsTags>
      <li>Poor</li>
    </techHediffsTags>
    <techHediffsChance>0.03</techHediffsChance>
	</PawnKindDef>

  <!-- Mid tier - warrior, hunter, trader -->
  
  <PawnKindDef ParentName="SergalTribalBase">
    <defName>Sergal_Tribal_Warrior</defName>
    <label>warrior</label>
    <combatPower>30</combatPower>
    <itemQuality>Excellent</itemQuality>
    <canBeSapper>true</canBeSapper>
    <gearHealthRange>
      <min>0.5</min>
      <max>1.8</max>
    </gearHealthRange>
    <apparelMoney>
      <min>200</min>
      <max>300</max>
    </apparelMoney>
    <apparelRequired>
      <li>Apparel_WarVeil</li>
    </apparelRequired>
    <weaponMoney>
      <min>1500</min>
      <max>1500</max>
    </weaponMoney>
    <weaponTags>
      <li>NeolithicMeleeDecent</li>
    </weaponTags>
  </PawnKindDef>

  <PawnKindDef ParentName="SergalTribalBase" Name="Sergal_Tribal_Hunter">
    <defName>Sergal_Tribal_Hunter</defName>
    <label>hunter</label>
    <combatPower>25</combatPower>
    <gearHealthRange>
      <min>0.5</min>
      <max>1.8</max>
    </gearHealthRange>
    <apparelMoney>
      <min>200</min>
      <max>300</max>
    </apparelMoney>
    <apparelRequired>
      <li>Apparel_WarVeil</li>
    </apparelRequired>
    <weaponMoney>
      <min>1000</min>
      <max>1000</max>
    </weaponMoney>
    <weaponTags>
      <li>NeolithicRangedDecent</li>
    </weaponTags>
  </PawnKindDef>
  
  <PawnKindDef ParentName="Sergal_Tribal_Hunter">
    <defName>Sergal_Tribal_Trader</defName>
    <label>trader</label>
    <trader>true</trader>
    <apparelRequired Inherit="False">
      <li>Apparel_TribalHeaddress</li>
    </apparelRequired>
  </PawnKindDef>

  <!-- High tier - berserker, heavy archer, chief melee, chief ranged -->

  <PawnKindDef ParentName="SergalTribalBase">
    <defName>Sergal_Tribal_Berserker</defName>
    <label>berserker</label>
    <combatPower>45</combatPower>
    <canBeSapper>true</canBeSapper>
    <apparelMoney>
      <min>200</min>
      <max>550</max>
    </apparelMoney>
    <apparelRequired>
      <li>Apparel_WarMask</li>
    </apparelRequired>
    <weaponMoney>
      <min>3000</min>
      <max>3000</max>
    </weaponMoney>
    <weaponTags>
      <li>NeolithicMeleeAdvanced</li>
    </weaponTags>
  </PawnKindDef>

  <PawnKindDef ParentName="SergalTribalBase">
    <defName>Sergal_Tribal_HeavyArcher</defName>
    <label>heavy archer</label>
    <combatPower>45</combatPower>
    <apparelMoney>
      <min>200</min>
      <max>550</max>
    </apparelMoney>
    <apparelRequired>
      <li>Apparel_WarMask</li>
    </apparelRequired>
    <weaponMoney>
      <min>2500</min>
      <max>2500</max>
    </weaponMoney>
    <weaponTags>
      <li>NeolithicRangedHeavy</li>
    </weaponTags>
  </PawnKindDef>

  <PawnKindDef ParentName="SergalTribalBase" Name="SergalTribalChiefBase" Abstract="True">
    <defName>Sergal_Tribal_ChiefMelee</defName>
    <combatPower>130</combatPower>
    <baseRecruitDifficulty>0.90</baseRecruitDifficulty>
    <minGenerationAge>20</minGenerationAge>
    <maxGenerationAge>60</maxGenerationAge>
    <itemQuality>Masterwork</itemQuality>
    <factionLeader>true</factionLeader>
    <canBeSapper>true</canBeSapper>
    <apparelMoney>
      <min>450</min>
      <max>2750</max>
    </apparelMoney>
    <apparelRequired>
      <li>Apparel_TribalHeaddress</li>
      <li>Apparel_PlateArmor</li>
    </apparelRequired>
    <weaponMoney>
      <min>500</min>
      <max>12000</max>
    </weaponMoney>
  </PawnKindDef>
  
  <PawnKindDef ParentName="SergalTribalChiefBase">
    <defName>Sergal_Tribal_ChiefMelee</defName>
    <label>berserker chief</label>
    <weaponTags>
      <li>NeolithicMeleeAdvanced</li>
      <li>MedievalMeleeAdvanced</li>
    </weaponTags>
  </PawnKindDef>
  
	<PawnKindDef ParentName="SergalTribalChiefBase">
		<defName>Sergal_Tribal_ChiefRanged</defName>
		<label>archer chief</label>
		<weaponTags>
			<li>NeolithicRangedChief</li>
		</weaponTags>
	</PawnKindDef>

</Defs>