﻿<?xml version="1.0" encoding="utf-8" ?>
<Defs>

  <!-- ============================ Frog Base ========================== -->

  <PawnKindDef Name="FrogBase" Abstract="True">
    <defaultFactionType>FrogCamp</defaultFactionType>
    <race>Alien_Frog</race>
	<backstoryCategories>
			<li>FrogBackstory</li>
            <li>Tribal</li>
            <li>Civil</li>
            <li>GnollBackstory</li>
  	</backstoryCategories>
    <chemicalAddictionChance>0.01</chemicalAddictionChance>
    <baseRecruitDifficulty>0.70</baseRecruitDifficulty>
    <apparelAllowHeadgearChance>0</apparelAllowHeadgearChance>
    <apparelTags>
    <li>Neolithic</li>
    </apparelTags>
	 <weaponTags>
	  <li>Neolithic</li>
	  <li>FrogWep</li>
	  <li>FrogMelee</li>
    </weaponTags>
    <initialWillRange>1~3</initialWillRange>
    <initialResistanceRange>5~23</initialResistanceRange>
  </PawnKindDef>
  
  <!-- ============================ Frog Civilian Base ========================== -->

  <PawnKindDef Name="FrogCivBase" ParentName="FrogBase" Abstract="True">
    <combatPower>25</combatPower>
	<race>Alien_Frog</race>
    <itemQuality>Normal</itemQuality>
    <isFighter>false</isFighter>
    <gearHealthRange>
      <min>0.2</min>
      <max>2.0</max>
    </gearHealthRange>
    <apparelMoney>
      <min>300</min>
      <max>900</max>
    </apparelMoney>
    <weaponMoney>
      <min>1400</min>
      <max>2500</max>
    </weaponMoney>
    <weaponTags>
      <li>Neolithic</li>
      <li>NonNeolithicOnlyMelee</li>
    </weaponTags>
    <techHediffsMoney>
      <min>200</min>
      <max>300</max>
    </techHediffsMoney>
    <techHediffsTags>
      <li>Simple</li>
    </techHediffsTags>
    <techHediffsChance>0.51</techHediffsChance>
    <invNutrition>2.55</invNutrition>
    <inventoryOptions>
      <skipChance>0.75</skipChance>
      <subOptionsChooseOne>
        <li>
          <choiceChance>90</choiceChance>
          <thingDef>Silver</thingDef>
          <countRange>
            <min>25</min>
            <max>70</max>
          </countRange>
        </li>
        <li>
          <choiceChance>10</choiceChance>
          <thingDef>Silver</thingDef>
          <countRange>
            <min>700</min>
            <max>1000</max>
          </countRange>
        </li>
      </subOptionsChooseOne>
    </inventoryOptions>
  </PawnKindDef>
  
  <!-- ============================ Frog Civilians ========================== -->
  
  <PawnKindDef ParentName="FrogCivBase">
    <defName>FrogScavenger</defName>
    <label>Frog Scavenger</label>
  </PawnKindDef>

  <PawnKindDef ParentName="FrogCivBase">
    <defName>FrogPackLeader</defName>
    <label>Frog Keeper</label>
    <labelPlural>Frog Keepers</labelPlural>
    <factionLeader>true</factionLeader>
	<minGenerationAge>19</minGenerationAge>
	<maxGenerationAge>55</maxGenerationAge>
  </PawnKindDef>
  
  <PawnKindDef ParentName="FrogCivBase">
    <defName>FrogTrader</defName>
    <label>Frog Trader</label>
    <trader>true</trader>
  </PawnKindDef>
  
  <PawnKindDef ParentName="FrogCivBase">
    <defName>FrogSlave</defName>
    <label>Frog Slave</label>
  </PawnKindDef>

  <PawnKindDef ParentName="FrogCivBase">
    <defName>FrogRefugee</defName>
    <label>Frog Refugee</label>
  </PawnKindDef>

  
  <!-- ============================ Frog Security ========================== -->
  
  <PawnKindDef ParentName="FrogCivBase">
    <defName>FrogSentinel</defName>
    <label>Frog Sentinel</label>
    <combatPower>50</combatPower>
    <maxGenerationAge>100</maxGenerationAge>
    <gearHealthRange>
      <min>0.5</min>
      <max>1.8</max>
    </gearHealthRange>
    <apparelMoney>
      <min>700</min>
      <max>9000</max>
    </apparelMoney>
    <weaponMoney>
      <min>1400</min>
      <max>38000</max>
    </weaponMoney>
    <techHediffsMoney>
      <min>200</min>
      <max>5000</max>
    </techHediffsMoney>
    <techHediffsTags>
      <li>Simple</li>
    </techHediffsTags>
    <techHediffsChance>0.20</techHediffsChance>
    <invNutrition>2.55</invNutrition>
    <inventoryOptions>
      <skipChance>0.95</skipChance>
      <thingDef>Silver</thingDef>
      <countRange>
        <min>30</min>
        <max>100</max>
      </countRange>
    </inventoryOptions>
  </PawnKindDef>
  
 
  <!-- ============================ Frog Military Base ========================== -->
  
  <PawnKindDef Name="FrogMilBase" ParentName="FrogBase" Abstract="True">
    <chemicalAddictionChance>0</chemicalAddictionChance>
    <isFighter>true</isFighter>
	<race>Alien_Frog</race>
    <invNutrition>2.55</invNutrition>
    <itemQuality>Normal</itemQuality>
	<minGenerationAge>19</minGenerationAge>
    <maxGenerationAge>46</maxGenerationAge>
    <gearHealthRange>
      <min>0.7</min>
      <max>2.3</max>
    </gearHealthRange>
    <apparelTags>
      <li>Neolithic</li>
      <li>Medieval</li>
    </apparelTags>
    <apparelMoney>
      <min>1500</min>
      <max>5800</max>
    </apparelMoney>
    <weaponMoney>
      <min>1400</min>
      <max>20000</max>
    </weaponMoney>
    <techHediffsMoney>
      <min>1000</min>
      <max>15000</max>
    </techHediffsMoney>
    <inventoryOptions>
      <skipChance>0.8</skipChance>
      <subOptionsChooseOne>
        <li>
          <thingDef>Silver</thingDef>
          <countRange>
            <min>50</min>
            <max>200</max>
          </countRange>
        </li>
        <li>
          <thingDef>MedicineIndustrial</thingDef>
          <countRange>
            <min>1</min>
            <max>1</max>
          </countRange>
        </li>
      </subOptionsChooseOne>
    </inventoryOptions>
  </PawnKindDef>
  
  <!-- ============================ Frog Military ========================== -->
  
  <PawnKindDef ParentName="FrogMilBase">
    <defName>FrogRecruit</defName>
    <label>Frog Recruit</label>
    <combatPower>70</combatPower>
  </PawnKindDef>

  
  <PawnKindDef ParentName="FrogMilBase">
    <defName>FrogHunter</defName>
    <label>Frog Hunter</label>
    <combatPower>90</combatPower>
    <minGenerationAge>19</minGenerationAge>
    <gearHealthRange>
      <min>0.7</min>
      <max>2.3</max>
    </gearHealthRange>
    <apparelTags>
      <li>Neolithic</li>
      <li>Medival</li>
    </apparelTags>
    <apparelMoney>
      <min>1500</min>
      <max>25000</max>
    </apparelMoney>
    <weaponMoney>
      <min>1400</min>
      <max>28000</max>
    </weaponMoney>
    <weaponTags>

    </weaponTags>
    <techHediffsMoney>
      <min>1000</min>
      <max>15000</max>
    </techHediffsMoney>
    <combatEnhancingDrugsCount>
      <min>0</min>
      <max>2</max>
    </combatEnhancingDrugsCount>
    <techHediffsTags>
      <li>Advanced</li>
    </techHediffsTags>
    <techHediffsChance>0.73</techHediffsChance>
    <inventoryOptions>
      <skipChance>0.8</skipChance>
      <subOptionsChooseOne>
        <li>
          <thingDef>Silver</thingDef>
          <countRange>
            <min>50</min>
            <max>200</max>
          </countRange>
        </li>
        <li>
          <thingDef>MedicineIndustrial</thingDef>
          <countRange>
            <min>1</min>
            <max>1</max>
          </countRange>
        </li>
      </subOptionsChooseOne>
    </inventoryOptions>
  </PawnKindDef>
  

  <PawnKindDef ParentName="FrogMilBase">
    <defName>FrogTracker</defName>
    <label>Frog Tracker</label>
    <combatPower>135</combatPower>
    <minGenerationAge>20</minGenerationAge>
    <gearHealthRange>
      <min>0.5</min>
      <max>2.3</max>
    </gearHealthRange>
    <apparelTags>
      <li>Neolithic</li>
      <li>Medival</li>
    </apparelTags>
    <apparelMoney>
      <min>1000</min>
      <max>26000</max>
    </apparelMoney>
    <weaponMoney>
      <min>1400</min>
      <max>28000</max>
    </weaponMoney>
    <techHediffsMoney>
      <min>2000</min>
      <max>30000</max>
    </techHediffsMoney>
    <techHediffsTags>
      <li>Advanced</li>
    </techHediffsTags>
    <techHediffsChance>0.88</techHediffsChance>
    <inventoryOptions>
      <skipChance>0.8</skipChance>
      <subOptionsChooseOne>
        <li>
          <thingDef>Silver</thingDef>
          <countRange>
            <min>180</min>
            <max>400</max>
          </countRange>
        </li>
        <li>
          <thingDef>MedicineIndustrial</thingDef>
          <countRange>
            <min>1</min>
            <max>2</max>
          </countRange>
        </li>
      </subOptionsChooseOne>
    </inventoryOptions>
  </PawnKindDef>

  
  <PawnKindDef ParentName="FrogMilBase">
     <defName>FrogRanger</defName>
    <label>Frog Ranger</label>
    <combatPower>220</combatPower>
    <minGenerationAge>26</minGenerationAge>
    <gearHealthRange>
      <min>0.8</min>
      <max>3.5</max>
    </gearHealthRange>
    <apparelTags>
      <li>Medival</li>
    </apparelTags>
    <apparelMoney>
      <min>2500</min>
      <max>42000</max>
    </apparelMoney>
    <weaponMoney>
      <min>1600</min>
      <max>28000</max>
    </weaponMoney>
    <weaponTags>

    </weaponTags>
    <techHediffsMoney>
      <min>2000</min>
      <max>8000</max>
    </techHediffsMoney>
    <techHediffsTags>
      <li>Advanced</li>
    </techHediffsTags>
    <techHediffsChance>0.80</techHediffsChance>
    <inventoryOptions>
      <skipChance>0.8</skipChance>
      <subOptionsChooseOne>
        <li>
          <thingDef>Silver</thingDef>
          <countRange>
            <min>120</min>
            <max>480</max>
          </countRange>
        </li>
        <li> 
          <thingDef>MedicineIndustrial</thingDef>
          <countRange>
            <min>1</min>
            <max>2</max>
          </countRange>
        </li>
      </subOptionsChooseOne>
    </inventoryOptions>
  </PawnKindDef>
</Defs>