<?xml version="1.0" encoding="utf-8" ?>
<Defs>


<AlienRace.RaceSettings>
    <defName>Lion_Settings</defName>
     <pawnKindSettings>
            <alienslavekinds>
                <!--li>
                    <kindDefs>
                        <li>LionSlave</li>
                    </kindDefs>
                    <chance>100.0</chance>
                </li-->
            </alienslavekinds>
            <alienrefugeekinds>
                <!--li>
                    <kindDefs>
                        <li>LionRefugee</li>
                    </kindDefs>
                    <chance>100.0</chance>
                </li-->
            </alienrefugeekinds>
			<startingColonists>
				<li>
				<pawnKindEntries>
					<li>
                    <kindDefs>
                        <li>LionHunter</li>
						<li>LionCommando</li>
						<li>LionCommandoElite</li>
						<li>LionColonist</li>
                    </kindDefs>
                    <chance>10.0</chance>
					</li>
				</pawnKindEntries>
					<factionDefs>
						<li>LionPlayerColony</li> 
					</factionDefs>
				</li>
			</startingColonists>
            <alienwandererkinds>
                <li>
                    <pawnKindEntries>
                        <li>
                            <kindDefs>
                                <li>LionHunter</li>
								<li>LionCommando</li>
								<li>LionColonist</li>
								<li>LionCommandoElite</li>
								<li>LionPackLeader</li>
								<li>LionRecruit</li>
                            </kindDefs>
                            <chance>50.0</chance>
                        </li>
                    </pawnKindEntries>
                    <factionDefs>
                        <li>LionPlayerColony</li> 
                    </factionDefs>
                </li>
            </alienwandererkinds>
        </pawnKindSettings>
  </AlienRace.RaceSettings>



<AlienRace.ThingDef_AlienRace ParentName="Human">
    <defName>Alien_Lion</defName>
    <label>Lion</label>
    <description>A proud and noble people who inhabit and largely control the originally Lionic R4 and come from glorious Planet Raoria.</description>
    <alienRace>
        <raceRestriction>
			<blackGeneList>
                    <li MayRequire="Ludeon.RimWorld.Biotech">Brow_Heavy</li>
                    <li MayRequire="Ludeon.RimWorld.Biotech">FacialRidges</li>
                </blackGeneList>
                <blackGeneTags>
                    <li>SkinColor</li>
                    <li>HairColor</li>
                    <li>EyeColor</li>
                    <li>BodyType</li>
                    <li>Ears</li>
                    <li>Nose</li>
                    <li>Jaw</li>
                    <li>Head</li>
                    <li>Headbone</li>
                    <li>HairStyle</li>
                    <li>BeardStyle</li>
                    <li>SkinColorOverride</li>
                    <li>Fur</li>
                    <li>Tail</li>
                </blackGeneTags>
                <blackEndoCategories>
                    <li>Melanin</li>
                    <li>HairColor</li>
                    <li>Ears</li>
                    <li>Nose</li>
                    <li>Jaw</li>
                    <li>Head</li>
                    <li>BodyType</li>
                </blackEndoCategories>
		    <apparelList>
				  <li>Lion_Apparel_Duster</li>
				  <li>Lion_Apparel_TribalA</li>
				  <li>Lion_Apparel_CollarShirt</li>
				  <li>Lion_Apparel_Duster</li>
				  <li>Lion_Apparel_Jacket</li>
				  <li>Lion_Apparel_FlakVest</li>
				  <li>Lion_Apparel_FlakPants</li>
				  <li>Lion_Apparel_PowerArmor</li>
				  <li>Lion_Apparel_Pants</li>
                  <li>Lion_Apparel_Cheap_Pants</li>
                  <li>Lion_Apparel_CheapPowerArmor</li>
                  <li>Lion_Apparel_PowerArmor</li>
                  <li>Lion_Apparel_ExpensivePowerArmor</li>
            </apparelList>
            <onlyUseRaceRestrictedApparel>true</onlyUseRaceRestrictedApparel>
			<whiteApparelList>
				  <li>Lion_Apparel_Duster</li>
				  <li>Lion_Apparel_TribalA</li>
				  <li>Lion_Apparel_CollarShirt</li>
				  <li>Lion_Apparel_Duster</li>
				  <li>Lion_Apparel_Jacket</li>
				  <li>Lion_Apparel_FlakVest</li>
				  <li>Lion_Apparel_FlakPants</li>
				  <li>Lion_Apparel_PowerArmor</li>
				  <li>Lion_Apparel_Pants</li>
                  <li>Apparel_ShieldBelt</li>
                  <li MayRequire="kentington.saveourship2">Apparel_SpaceSuitHelmet</li>
                  <li MayRequire="kentington.saveourship2">Apparel_SpaceSuitBody</li>
				  <li MayRequire="dianawinters.Orassans">Apparel_KittySacriSuit</li>
				  <li MayRequire="dianawinters.Orassans">Apparel_KittyArmor</li>
				  <li MayRequire="dianawinters.Orassans">Apparel_LightKittyArmor</li>
                  <li MayRequire="Ludeon.RimWorld.Royalty">Apparel_ShirtRuffle</li>
                  <li MayRequire="Ludeon.RimWorld.Royalty">Apparel_Corset</li>
                  <li MayRequire="Ludeon.RimWorld.Royalty">Apparel_VestRoyal</li>
                  <li MayRequire="Ludeon.RimWorld.Royalty">Apparel_RobeRoyal</li>
                  <li MayRequire="Ludeon.RimWorld.Royalty">Apparel_Coronet</li>
                  <li MayRequire="Ludeon.RimWorld.Royalty">Apparel_Crown</li>
                  <li MayRequire="Ludeon.RimWorld.Royalty">Apparel_HatLadies</li>
                  <li MayRequire="Ludeon.RimWorld.Royalty">Apparel_HatTop</li>
                  <li MayRequire="Ludeon.RimWorld.Royalty">Apparel_ArmorReconPrestige</li>
                  <li MayRequire="Ludeon.RimWorld.Royalty">Apparel_ArmorMarinePrestige</li>
                  <li MayRequire="Ludeon.RimWorld.Royalty">Apparel_ArmorCataphract</li>
                  <li MayRequire="Ludeon.RimWorld.Royalty">Apparel_ArmorCataphractPrestige</li>
                  <li MayRequire="Ludeon.RimWorld.Royalty">Apparel_ArmorCataphractPhoenix</li>
                  <li MayRequire="kikohi.jewelry">Jewelry_Bracelet</li>
                  <li MayRequire="kikohi.jewelry">Jewelry_Bracelet_Silver</li>
                  <li MayRequire="kikohi.jewelry">Jewelry_Earring</li>
                  <li MayRequire="kikohi.jewelry">Jewelry_Earring_Silver</li>
                  <li MayRequire="kikohi.jewelry">Jewelry_Necklace</li>
                  <li MayRequire="kikohi.jewelry">Jewelry_Necklace_Silver</li>
                  <li MayRequire="kikohi.jewelry">Jewelry_Ring</li>
                  <li MayRequire="kikohi.jewelry">Jewelry_Ring_Silver</li>
                  <li MayRequire="Techmago.BootsnStuff">Apparel_shoes</li>
                  <li MayRequire="Techmago.BootsnStuff">Apparel_military_Boots</li>
                  <li MayRequire="Techmago.BootsnStuff">Apparel_medic_gloves</li>
                  <li MayRequire="Techmago.BootsnStuff">Apparel_work_gloves</li>
                  <li MayRequire="Techmago.BootsnStuff">Apparel_ring</li>
                  <li MayRequire="Techmago.BootsnStuff">Apparel_Socks</li>
                  <li>Apparel_PsychicInsanityLance</li>
                  <li>Apparel_PsychicShockLance</li>
                  <li MayRequire="Ludeon.RimWorld.Royalty">Apparel_PsyfocusVest</li>
                  <li MayRequire="Ludeon.RimWorld.Royalty">Apparel_PsyfocusShirt</li>
                  <li MayRequire="Ludeon.RimWorld.Royalty">Apparel_PsyfocusRobe</li>
                  <li>Apparel_PowerArmor</li>
                  <li MayRequire="Ludeon.RimWorld.Royalty">Apparel_PackJump</li>
                  <li MayRequire="Ludeon.RimWorld.Royalty">Apparel_PackBroadshield</li>
                  <li MayRequire="Ludeon.RimWorld.Royalty">Apparel_Gunlink</li>
                  <li MayRequire="Ludeon.RimWorld.Royalty">Apparel_CrownStellic</li>
                  <li MayRequire="Ludeon.RimWorld.Royalty">Apparel_ArmorLocust</li>
                  <li MayRequire="Ludeon.RimWorld.Royalty">Apparel_CollarShirt</li>
                  <li MayRequire="Ludeon.RimWorld.Royalty">Apparel_Cape</li>
            </whiteApparelList>
        </raceRestriction>
        <generalSettings>
            <maleGenderProbability>0.5</maleGenderProbability>
            <immuneToAge>true</immuneToAge>
            <forcedRaceTraitEntries>
                <li>
                    <defName>NaturalMood</defName>
                    <degree>2</degree>
                    <chance>5</chance>
                </li>
                <li>
                    <defName>Tough</defName>
                    <chance>20</chance>
                </li>
                <li>
                    <defName>Greedy</defName>
					<chance>2</chance>
                </li>
            </forcedRaceTraitEntries>
            <maxDamageForSocialfight>6</maxDamageForSocialfight>
            <factionRelations>
                <li>
                    <factions>
                       <li>LionEmpire</li>
                       <li MayRequire="dianawinters.Orassans">Orassan</li>
                       <li MayRequire="dianawinters.Orassans">OrassanPlayerColony</li>
                    </factions>
                    <goodwill>
                       <min>75</min>
                       <max>100</max>
                    </goodwill>
                </li>
                <li>
                    <factions>
                       <li>GnollBrotherhood</li>
                       <li>StripedGnollBrotherhood</li>
                       <li>LionGnollEmpire</li>
                       <li>GnollPlayerColony</li>
                       <li>StripedGnollPlayerColony</li>
                    </factions>
                    <goodwill>
                       <min>-50</min>
                       <max>0</max>
                    </goodwill>
                </li>   
                <li>
                    <factions>
                       <li>GnollBrotherhood</li>
                       <li>StripedGnollBrotherhood</li>
                    </factions>
                    <goodwill>
                       <min>-50</min>
                       <max>0</max>
                    </goodwill>
                </li>                 
            </factionRelations>
            <alienPartGenerator>
                <atlasScale>4</atlasScale>
                <borderScale>1.4</borderScale>
                <!--customDrawSize>(1.4, 1.4)</customDrawSize>
                <headOffset>(0, 0.10)</headOffset-->
                <colorChannels>
                    <li>
                        <name>skin</name>
                        <first Class="ColorGenerator_Options">
                            <options>
                                 <li>
                                    <weight>5</weight>
                                    <only>RGBA(0.639,0.541,0.458,1)</only>
                                </li>
                                <li>
                                    <weight>5</weight>
                                    <only>RGBA(0.552,0.462,0.384,1)</only>
                                </li>
                                <li>
                                    <weight>5</weight>
                                    <only>RGBA(0.450,0.376,0.317,1)</only>
                                </li>
                                 <li>
                                    <weight>5</weight>
                                    <only>RGBA(0.627,0.533,0.462,1)</only>
                                </li>
                                <li>
                                    <weight>5</weight>
                                    <only>RGBA(0.572,0.490,0.415,1)</only>
                                </li>
                                <li>
                                    <weight>5</weight>
                                    <only>RGBA(0.658,0.556,0.474,1)</only>
                                </li>
                                <li>
                                    <weight>5</weight>
                                    <only>RGBA(0.431, 0.352, 0.286,1)</only>
                                </li>
                                <li>
                                    <weight>5</weight>
                                    <only>RGBA(0.282, 0.235, 0.2,1)</only>
                                </li>
                                <li>
                                    <weight>5</weight>
                                    <only>RGBA(0.498, 0.345, 0.223,1)</only>
                                </li>
                                <li>
                                    <weight>5</weight>
                                    <only>RGBA(0.305, 0.223, 0.196,1)</only>
                                </li>
                                <li>
                                    <weight>5</weight>
                                    <only>RGBA(0.486, 0.282, 0.211,1)</only>
                                </li>
                                <li>
                                    <weight>5</weight>
                                    <only>RGBA(0.662, 0.403, 0.317,1)</only>
                                </li>
                                <li>
                                    <weight>5</weight>
                                    <only>RGBA(0.709, 0.396, 0.290,1)</only>
                                </li>
                                <li>
                                    <weight>2</weight>
                                    <min>RGBA(0.45,0.46,0.3,1)</min>
                                    <max>RGBA(0.65,0.55,0.47,1)</max>
                                </li>
                            </options>
                        </first>
                        <second Class="ColorGenerator_Options">
                            <options>
                                 <li>
                                    <weight>5</weight>
                                    <only>RGBA(0.639,0.541,0.458,1)</only>
                                </li>
                                <li>
                                    <weight>5</weight>
                                    <only>RGBA(0.552,0.462,0.384,1)</only>
                                </li>
                                <li>
                                    <weight>5</weight>
                                    <only>RGBA(0.450,0.376,0.317,1)</only>
                                </li>
                                 <li>
                                    <weight>5</weight>
                                    <only>RGBA(0.627,0.533,0.462,1)</only>
                                </li>
                                <li>
                                    <weight>5</weight>
                                    <only>RGBA(0.572,0.490,0.415,1)</only>
                                </li>
                                <li>
                                    <weight>5</weight>
                                    <only>RGBA(0.658,0.556,0.474,1)</only>
                                </li>
                                <li>
                                    <weight>5</weight>
                                    <only>RGBA(0.431, 0.352, 0.286,1)</only>
                                </li>
                                <li>
                                    <weight>5</weight>
                                    <only>RGBA(0.282, 0.235, 0.2,1)</only>
                                </li>
                                <li>
                                    <weight>5</weight>
                                    <only>RGBA(0.498, 0.345, 0.223,1)</only>
                                </li>
                                <li>
                                    <weight>5</weight>
                                    <only>RGBA(0.305, 0.223, 0.196,1)</only>
                                </li>
                                <li>
                                    <weight>5</weight>
                                    <only>RGBA(0.486, 0.282, 0.211,1)</only>
                                </li>
                                <li>
                                    <weight>5</weight>
                                    <only>RGBA(0.662, 0.403, 0.317,1)</only>
                                </li>
                                <li>
                                    <weight>5</weight>
                                    <only>RGBA(0.709, 0.396, 0.290,1)</only>
                                </li>
                                <li>
                                    <weight>2</weight>
                                    <min>RGBA(0.45,0.46,0.3,1)</min>
                                    <max>RGBA(0.65,0.55,0.47,1)</max>
                                </li>
                            </options>
                        </second>
                    </li>
                </colorChannels>
                <anchorReplacements>
                        <li>
                            <originalTag>LeftEye</originalTag>
                            <originalGroup>FullHead</originalGroup>
                            <replacement> 
                                <tag>Null</tag>
                                <rotation>South</rotation>
                                <canMirror>false</canMirror>
                                <layer>Head</layer>
                                <debugColor>(0,0,0,0)</debugColor>
                            </replacement> 
                        </li>
                        <li>
                            <originalTag>LeftEye</originalTag>
                            <originalGroup>FullHead</originalGroup>
                            <replacement> 
                                <tag>Null</tag>
                                <rotation>West</rotation>
                                <canMirror>false</canMirror>
                                <layer>Head</layer>
                                <debugColor>(0,0,0,0)</debugColor>
                            </replacement> 
                        </li>
                        <li>
                            <originalTag>LeftEye</originalTag>
                            <originalGroup>FullHead</originalGroup>
                            <replacement> 
                                <tag>Null</tag>
                                <rotation>South</rotation>
                                <canMirror>false</canMirror>
                                <layer>Head</layer>
                                <debugColor>(0,0,0,0)</debugColor>
                            </replacement> 
                        </li>
                        <li>
                            <originalTag>LeftEye</originalTag>
                            <originalGroup>FullHead</originalGroup>
                            <replacement> 
                                <tag>Null</tag>
                                <rotation>East</rotation>
                                <canMirror>false</canMirror>
                                <layer>Head</layer>
                                <debugColor>(0,0,0,0)</debugColor>
                            </replacement> 
                        </li>
                        <li>
                            <originalTag>RightEye</originalTag>
                            <originalGroup>FullHead</originalGroup>
                            <replacement> 
                                <tag>Null</tag>
                                <rotation>South</rotation>
                                <canMirror>false</canMirror>
                                <layer>Head</layer>
                                <debugColor>(0,0,0,0)</debugColor>
                            </replacement> 
                        </li>
                        <li>
                            <originalTag>RightEye</originalTag>
                            <originalGroup>FullHead</originalGroup>
                            <replacement> 
                                <tag>Null</tag>
                                <rotation>West</rotation>
                                <canMirror>false</canMirror>
                                <layer>Head</layer>
                                <debugColor>(0,0,0,0)</debugColor>
                            </replacement> 
                        </li>
                        <li>
                            <originalTag>RightEye</originalTag>
                            <originalGroup>FullHead</originalGroup>
                            <replacement> 
                                <tag>Null</tag>
                                <rotation>South</rotation>
                                <canMirror>false</canMirror>
                                <layer>Head</layer>
                                <debugColor>(0,0,0,0)</debugColor>
                            </replacement> 
                        </li>
                        <li>
                            <originalTag>RightEye</originalTag>
                            <originalGroup>FullHead</originalGroup>
                            <replacement> 
                                <tag>Null</tag>
                                <rotation>East</rotation>
                                <canMirror>false</canMirror>
                                <layer>Head</layer>
                                <debugColor>(0,0,0,0)</debugColor>
                            </replacement> 
                        </li>
                    </anchorReplacements>
            
                <bodyAddons>  
                    <li>
                        <scaleWithPawnDrawsize>true</scaleWithPawnDrawsize>
                        <path>Things/Lion/Eyes/LionEyeLeft</path>
                        <conditions> <!-- if HAR.feature.New = "Pain In My Ass": add(HAR.feature.New) -->
                          <RotStage>Fresh,Rotting</RotStage>
                          <body>
                            <bodyPart>Eye</bodyPart>
                            <bodyPartLabel>left eye</bodyPartLabel>
                          </body>
                          <Posture>
                            <drawnStanding>true</drawnStanding>
                            <drawnLaying>true</drawnLaying>
                            <drawnInBed>false</drawnInBed>
                          </Posture>
                        </conditions>
                        <extendedGraphics>
                          <Hediff For="GnollstromBionicEyeTargeter">Things/Lion/Eyes/GnollBioniceye</Hediff>
                          <Hediff For="BionicEye">Things/Lion/Eyes/BionicEyeLeft</Hediff>
                          <Hediff For="ArchotechEye">Things/Lion/Eyes/ArchotechEyeLeft</Hediff>
                        <extendedGraphics>
                        <inFrontOfBody>true</inFrontOfBody>
                        <colorChannel>skin</colorChannel>
                        <defaultOffset>Center</defaultOffset>
                        <alignWithHead>true</alignWithHead>
                        <layerInvert>False</layerInvert>
                        <offsets>
                            <south>
                                <layerOffset>-0.2720256</layerOffset>
                                <bodyTypes>
                                    <Male>(-0.1189711,0.007073798)</Male>
                                    <Female>(-0.1189711,0.007073798)</Female>
                                    <Thin>(-0.1189711,0.007073798)</Thin>
                                    <Hulk>(-0.1189711,0.007073798)</Hulk>
                                <Child MayRequire="ludeon.rimworld.biotech">(-0.09196094,0.007073798)</Child>
                                <Baby MayRequire="ludeon.rimworld.biotech">(-0.09196094,0.007073798)</Baby>
                                </bodyTypes>
                                <headTypes>
                                    <Male_AverageNormal>(0,0)</Male_AverageNormal>
                                    <Female_AverageNormal>(0,0)</Female_AverageNormal>
                                </headTypes>
                            </south>
                            <north>
                                <layerOffset>-0.2720256</layerOffset>
                                <bodyTypes>
                                    <Male>(-121,-121)</Male>
                                    <Female>(-121,-121)</Female>
                                    <Thin>(-121,-121)</Thin>
                                    <Hulk>(-121,-121)</Hulk>
                                <Child MayRequire="ludeon.rimworld.biotech">(-121,-121)</Child>
                                <Baby MayRequire="ludeon.rimworld.biotech">(-121,-121)</Baby>
                                </bodyTypes>
                                <headTypes>
                                    <Male_AverageNormal>(0,0)</Male_AverageNormal>
                                    <Female_AverageNormal>(0,0)</Female_AverageNormal>
                                </headTypes>
                            </north>
                            <east>
                                <layerOffset>-0.2720256</layerOffset>
                                <bodyTypes>
                                    <Male>(-0.08167171,0.1189711)</Male>
                                    <Female>(-0.08167171,0.1189711)</Female>
                                    <Thin>(-0.08167171,0.1189711)</Thin>
                                    <Hulk>(-0.08167171,0.1189711)</Hulk>
                                <Child MayRequire="ludeon.rimworld.biotech">(-0.06109325,0.08781335)</Child>
                                <Baby MayRequire="ludeon.rimworld.biotech">(-0.06109325,0.08781335)</Baby>
                                </bodyTypes>
                                <headTypes>
                                    <Male_AverageNormal>(0,0)</Male_AverageNormal>
                                    <Female_AverageNormal>(0,0)</Female_AverageNormal>
                                </headTypes>
                            </east>
                            <west>
                                <layerOffset>-0.2720256</layerOffset>
                                <bodyTypes>
                                    <Male>(-121,-121)</Male>
                                    <Female>(-121,-121)</Female>
                                    <Thin>(-121,-121)</Thin>
                                    <Hulk>(-121,-121)</Hulk>
                                <Child MayRequire="ludeon.rimworld.biotech">(-121,-121)</Child>
                                <Baby MayRequire="ludeon.rimworld.biotech">(-121,-121)</Baby>
                                </bodyTypes>
                                <headTypes>
                                    <Male_AverageNormal>(0,0)</Male_AverageNormal>
                                    <Female_AverageNormal>(0,0)</Female_AverageNormal>
                                </headTypes>
                            </west>
                        </offsets>
                        <hiddenUnderApparelFor>
                            <li>FullHead</li>
                        </hiddenUnderApparelFor>
                    </li>
                    <li>
                        <scaleWithPawnDrawsize>true</scaleWithPawnDrawsize>
                        <path>Things/Lion/Eyes/LionEyeRight</path>
                        <conditions> <!-- if HAR.feature.New = "Pain In My Ass": add(HAR.feature.New) -->
                          <RotStage>Fresh,Rotting</RotStage>
                          <body>
                            <bodyPart>Eye</bodyPart>
                            <bodyPartLabel>Right eye</bodyPartLabel>
                          </body>
                          <Posture>
                            <drawnStanding>true</drawnStanding>
                            <drawnLaying>true</drawnLaying>
                            <drawnInBed>false</drawnInBed>
                          </Posture>
                        </conditions>
                        <extendedGraphics>
                          <Hediff For="GnollstromBionicEyeTargeter">Things/Lion/Eyes/GnollBioniceyeRight</Hediff>
                          <Hediff For="BionicEye">Things/Lion/Eyes/BionicEyeRight</Hediff>
                          <Hediff For="ArchotechEye">Things/Lion/Eyes/ArchotechEyeRight</Hediff>
                        <extendedGraphics>
                        <inFrontOfBody>true</inFrontOfBody>
                        <colorChannel>skin</colorChannel>
                        <defaultOffset>Center</defaultOffset>
                        <alignWithHead>true</alignWithHead>
                        <layerInvert>false</layerInvert>
                        <offsets>
                            <south>
                                <layerOffset>-0.2720256</layerOffset>
                                <bodyTypes>
                                    <Male>(0.1189711,0.007073798)</Male>
                                    <Female>(0.1189711,0.007073798)</Female>
                                    <Thin>(0.1189711,0.007073798)</Thin>
                                    <Hulk>(0.1189711,0.007073798)</Hulk>
                                <Child MayRequire="ludeon.rimworld.biotech">(0.09196094,0.007073798)</Child>
                                <Baby MayRequire="ludeon.rimworld.biotech">(0.09196094,0.007073798)</Baby>
                                </bodyTypes>
                                <headTypes>
                                    <Male_AverageNormal>(0,0)</Male_AverageNormal>
                                    <Female_AverageNormal>(0,0)</Female_AverageNormal>
                                </headTypes>
                            </south>
                            <north>
                                <layerOffset>-0.2720256</layerOffset>
                                <bodyTypes>
                                    <Male>(-121,-121)</Male>
                                    <Female>(-121,-121)</Female>
                                    <Thin>(-121,-121)</Thin>
                                    <Hulk>(-121,-121)</Hulk>
                                <Child MayRequire="ludeon.rimworld.biotech">(0.016,0.17)</Child>
                                <Baby MayRequire="ludeon.rimworld.biotech">(0.025,0.146)</Baby>
                                </bodyTypes>
                                <headTypes>
                                    <Male_AverageNormal>(0,0)</Male_AverageNormal>
                                    <Female_AverageNormal>(0,0)</Female_AverageNormal>
                                </headTypes>
                            </north>
                            <east>
                                <layerOffset>-0.2720256</layerOffset>
                                <bodyTypes>
                                    <Male>(-121,-121)</Male>
                                    <Female>(-121,-121)</Female>
                                    <Thin>(-121,-121)</Thin>
                                    <Hulk>(-121,-121)</Hulk>
                                <Child MayRequire="ludeon.rimworld.biotech">(-121,-121)</Child>
                                <Baby MayRequire="ludeon.rimworld.biotech">(-121,-121)</Baby>
                                </bodyTypes>
                                <headTypes>
                                    <Male_AverageNormal>(0,0)</Male_AverageNormal>
                                    <Female_AverageNormal>(0,0)</Female_AverageNormal>
                                </headTypes>
                            </east>
                            <west>
                                <layerOffset>-0.2720256</layerOffset>
                                <bodyTypes>
                                    <Male>(-0.08167171,0.1189711)</Male>
                                    <Female>(-0.08167171,0.1189711)</Female>
                                    <Thin>(-0.08167171,0.1189711)</Thin>
                                    <Hulk>(-0.08167171,0.1189711)</Hulk>
                                <Child MayRequire="ludeon.rimworld.biotech">(-0.06109325,0.08781335)</Child>
                                <Baby MayRequire="ludeon.rimworld.biotech">(-0.06109325,0.08781335)</Baby>
                                </bodyTypes>
                                <headTypes>
                                    <Male_AverageNormal>(0,0)</Male_AverageNormal>
                                    <Female_AverageNormal>(0,0)</Female_AverageNormal>
                                </headTypes>
                            </west>
                        </offsets>
                        <hiddenUnderApparelFor>
                            <li>FullHead</li>
                        </hiddenUnderApparelFor>
                    </li>
                <li>
				<path>Things/Lion/Tails/TailX</path>
                <bodyPart>Tail</bodyPart>
                <colorChannel>skin</colorChannel>
                <inFrontOfBody>false</inFrontOfBody>
                <defaultOffset>Tail</defaultOffset>
				<scaleWithPawnDrawsize>true</scaleWithPawnDrawsize>
                <conditions>
                  <RotStage>Fresh,Rotting</RotStage>
                  <Posture>
                    <drawnStanding>true</drawnStanding>
                    <drawnLaying>true</drawnLaying>
                    <drawnInBed>false</drawnInBed>
                  </Posture>
                </conditions>
                <extendedGraphics>
                  <Hediff For="LionTailBionic">Things/Lion/Tails/TailXBionic</Hediff>
                <extendedGraphics>
                <offsets>
                <south>
                    <bodyTypes>
                    <Male>(0,-0.22)</Male>
                    <Female>(0,-0.22)</Female>
                    <Thin>(0,-0.22)</Thin>
					<Child>(0.02,-0.2)</Child>
					<Baby>(0,0)</Baby>
                    </bodyTypes>
                </south>

                <north>
					<bodyTypes>
					<Male>(0,-0.25)</Male>
					<Female>(0,-0.25)</Female>
					<Thin>(0,-0.25)</Thin>
					<Child>(0,0.1292601)</Child>
					<Baby>(0,0.1292601)</Baby>
					</bodyTypes>
                </north>
                <west>
					<bodyTypes>
					<Male>(0,-0.22)</Male>
					<Female>(0,-0.22)</Female>
					<Thin>(0,-0.22)</Thin>
					<Child>(-0.1806424,0.03151124)</Child>
					<Baby>(-0.1806424,0.03151124)</Baby>
					</bodyTypes>
                </west>
                <east>
					<bodyTypes>
					<Male>(0,-0.22)</Male>
					<Female>(0,-0.22)</Female>
					<Thin>(0,-0.22)</Thin>
					<Child>(-0.1806424,0.03151124)</Child>
					<Baby>(-0.1806424,0.03151124)</Baby>
					</bodyTypes>
                </east>
                </offsets>
                </li>
            </bodyAddons>
			<headBodyPartDef>Head</headBodyPartDef>
				<headTypes Inherit="False">
                    <li>Male_AverageNormal</li>
                    <li>Female_AverageNormal</li>
                </headTypes>
                <bodyTypes Inherit="False">
					<li MayRequire="Ludeon.RimWorld.Biotech">Baby</li>
					<li MayRequire="Ludeon.RimWorld.Biotech">Child</li>
					<li>Male</li>
					<li>Female</li>
					<li>Thin</li>
					<li>Hulk</li>
                </bodyTypes>
            </alienPartGenerator>

			<chemicalSettings />	
            <humanRecipeImport>true</humanRecipeImport>
        </generalSettings>

        <graphicPaths>
			  <head>
				<path>Things/Lion/Heads/</path>
				<headtypeGraphics>
					<Male_AverageNormal>Things/Lion/Heads/Male_Average_Normal</Male_AverageNormal>
					<Female_AverageNormal>Things/Lion/Heads/Female_Average_Normal</Female_AverageNormal>
				</headtypeGraphics>
			  </head>
			  <body>Things/Lion/Bodies/</body>
			  <skinShader>Cutout</skinShader>
        </graphicPaths>
        <styleSettings>
            <li>
                <key>BeardDef</key>
                <value>
                    <hasStyle>true</hasStyle>
                    <styleTags>
                        <li>NoBeard</li>
                    </styleTags>
                </value>
            </li>
            <li>
                <key>HairDef</key>
                <value>
                    <hasStyle>false</hasStyle>
                    <styleTags>
                    </styleTags>
                </value>
            </li>
        </styleSettings>
        <relationSettings>
            <relationChanceModifierChild>1.6</relationChanceModifierChild>
            <relationChanceModifierExLover>1</relationChanceModifierExLover>
            <relationChanceModifierExSpouse>1</relationChanceModifierExSpouse>
            <relationChanceModifierFiance>1.1</relationChanceModifierFiance>
            <relationChanceModifierLover>1.05</relationChanceModifierLover>
            <relationChanceModifierParent>1.5</relationChanceModifierParent>
            <relationChanceModifierSibling>1</relationChanceModifierSibling>
            <relationChanceModifierSpouse>1.1</relationChanceModifierSpouse>
        </relationSettings>
		<thoughtSettings>
			<cannotReceiveThoughts>
				<li>ObservedLayingCorpse</li>
				<li>Nuzzled</li>
				<li>Naked</li>
				<li>DefeatedHostileFactionLeader</li>
				<li>SoldMyLovedOne</li>
				<li>CrashedTogether</li>
				<li>SoakingWet</li>
				<li>SleepDisturbed</li>
				<li>WitnessedDeathFamily</li>
				<li>Pain</li>
                <!--> That's because Steam's a cunt. <-->
                <li MayRequire="Ludeon.RimWorld.Ideology">LookChangeDesired</li>
                <li MayRequire="Ludeon.RimWorld.Ideology">IdeoRoleApparelRequirementNotMet</li>
			</cannotReceiveThoughts>
			<replacerList>
                <li>
                    <original>Nuzzled</original>
                    <replacer>LionTouched</replacer> 
                </li>
                <li>
                    <original MayRequire="Ludeon.RimWorld.Ideology">IdeoRoleApparelRequirementNotMet</original>
                    <replacer>LionRoleIncelRage</replacer>
                </li>
				<li>
                    <original>SoldMyLovedOne</original>
                    <replacer>SoldMyLovedOneLion</replacer> 
                </li>
				<li>
                    <original>DefeatedHostileFactionLeader</original>
                    <replacer>DefeatedHostileFactionLeaderLion</replacer> 
                </li>
				<li>
                    <original>SleepDisturbed</original>
                    <replacer>LionSpace</replacer> 
                </li>
				<li>
                    <original>WitnessedDeathFamily</original>
                    <replacer>WitnessedDeathFamilyLion</replacer> 
                </li>
				<li>
                    <original>CrashedTogether</original>
                    <replacer>CrashedTogetherLion</replacer> 
                </li>
            </replacerList>
			<restrictedThoughts>
				<li>LionTouched</li>
				<li>NakedLion</li>
				<li>DefeatedHostileFactionLeaderLion</li>
				<li>SoldMyLovedOneLion</li>
				<li>CrashedTogetherLion</li>
				<li>SoakingWetLion</li>
				<li>LionSpace</li>
				<li>WitnessedDeathFamilyLion</li>
				<li>LionPain</li>
                <li>LionRoleIncelRage</li>
			</restrictedThoughts>
		</thoughtSettings>
    </alienRace>
	<statBases>
      <MarketValue>3000</MarketValue>
      <MoveSpeed>5.62</MoveSpeed>
      <Flammability>0.3</Flammability>
      <ComfyTemperatureMin>-16</ComfyTemperatureMin>
      <ComfyTemperatureMax>58</ComfyTemperatureMax>
      <MaxHitPoints>500</MaxHitPoints>
      <LeatherAmount>25</LeatherAmount>
      <RoyalFavorValue>6</RoyalFavorValue>
	   <PsychicSensitivity>0.55</PsychicSensitivity>
	   <MiningSpeed>3</MiningSpeed>
	   <ConstructSuccessChance>2.55</ConstructSuccessChance>
       <ConstructionSpeed>3.5</ConstructionSpeed>
    </statBases>
    <tools>
      <li>
        <label>left fist</label>
        <capacities>
          <li>Cut</li>
        </capacities>
        <power>8</power>
        <cooldownTime>1.1</cooldownTime>
        <linkedBodyPartsGroup>LeftHand</linkedBodyPartsGroup>
        <surpriseAttack>
          <extraMeleeDamages>
            <li>
              <def>Stun</def>
              <amount>22</amount>
            </li>
          </extraMeleeDamages>
        </surpriseAttack>
      </li>
         <li>
        <label>right fist</label>
        <capacities>
          <li>Cut</li>
        </capacities>
        <power>8</power>
        <cooldownTime>1.1</cooldownTime>
        <linkedBodyPartsGroup>RightHand</linkedBodyPartsGroup>
        <surpriseAttack>
          <extraMeleeDamages>
            <li>
              <def>Stun</def>
              <amount>32</amount>
            </li>
          </extraMeleeDamages>
        </surpriseAttack>
      </li>
      <li>
        <label>head</label>
        <capacities>
          <li>Bite</li>
        </capacities>
        <power>8</power>
        <cooldownTime>1.1</cooldownTime>
        <linkedBodyPartsGroup>HeadAttackTool</linkedBodyPartsGroup>
        <chanceFactor>0.5</chanceFactor>
      </li>
    </tools>
    <race>
      <renderTree>Humanlike</renderTree>
      <fleshType>SGLF_HeadScarRemover</fleshType>
      <thinkTreeMain>Humanlike</thinkTreeMain>
      <thinkTreeConstant>HumanlikeConstant</thinkTreeConstant>
      <intelligence>Humanlike</intelligence>
      <makesFootprints>true</makesFootprints>
      <lifeExpectancy>220</lifeExpectancy>
      <leatherDef>Leather_Lion</leatherDef>
      <nameGenerator>NamerPersonLionMale</nameGenerator>
      <nameGeneratorFemale>NamerPersonLionFemale</nameGeneratorFemale>
      <body>Lion</body>
      <bloodDef>FilthBloodLion</bloodDef>	
      <meatColor>(128, 0, 1)</meatColor>
      <baseBodySize>1.5</baseBodySize>
      <baseHealthScale>5.45</baseHealthScale>
      <foodType>OmnivoreHuman</foodType>
      <gestationPeriodDays>15</gestationPeriodDays>
      <litterSizeCurve>
        <points>
          <li>(0.5, 0)</li>
          <li>(1, 1)</li>
          <li>(1.01, 0.02)</li>
          <li>(3.5, 0)</li>
        </points>
      </litterSizeCurve>
      <lifeStageAges>
        <li>
          <def>BabyStageLion</def>
          <minAge>0</minAge>
        </li>
        <li>
          <def>ChildStageLion</def>
          <minAge>4</minAge>
        </li>
		<li>
          <def>TeenStageLion</def>
          <minAge>13</minAge>
        </li>
        <li>
          <def>AdultStageLion</def>
          <minAge>21</minAge>
        </li>
      </lifeStageAges>
	  <lifeStageWorkSettings MayRequire="Ludeon.RimWorld.Biotech">
        <Firefighter>7</Firefighter>
        <Patient>0</Patient>
        <Doctor>10</Doctor>
        <PatientBedRest>0</PatientBedRest>
        <Childcare MayRequire="Ludeon.RimWorld.Biotech">0</Childcare>
        <BasicWorker>3</BasicWorker>
        <Warden>10</Warden>
        <Handling>7</Handling>
        <Cooking>7</Cooking>
        <Hunting>7</Hunting>
        <Construction>10</Construction>
        <Growing>7</Growing>
        <Mining>7</Mining>
        <PlantCutting>7</PlantCutting>
        <Smithing>13</Smithing>
        <Tailoring>7</Tailoring>
        <Art>10</Art>
        <Crafting>7</Crafting>
        <Hauling>3</Hauling>
        <Cleaning>3</Cleaning>
        <Research>13</Research>
      </lifeStageWorkSettings>
      <soundMeleeHitPawn>Pawn_Melee_Punch_HitPawn</soundMeleeHitPawn>
      <soundMeleeHitBuilding>Pawn_Melee_Punch_HitBuilding</soundMeleeHitBuilding>
      <soundMeleeMiss>Pawn_Melee_Punch_Miss</soundMeleeMiss>
      <specialShadowData>
        <volume>(0.3, 0.8, 0.4)</volume>
        <offset>(0,0,-0.3)</offset>
      </specialShadowData>
      <ageGenerationCurve>
        <points>
			<li MayRequire="Ludeon.RimWorld.Biotech">(0,0)</li>
			<li MayRequire="Ludeon.RimWorld.Biotech">(0.001,43)</li>
			<li MayRequire="Ludeon.RimWorld.Biotech">(8,86)</li>
			<li MayRequire="Ludeon.RimWorld.Biotech">(12.5,118)</li>  <!-- Exclude 12.5-13 years to avoid spawning pawns who are very close to becoming adults -->  
			<li MayRequire="Ludeon.RimWorld.Biotech">(12.51,0)</li>  
			<li MayRequire="Ludeon.RimWorld.Biotech">(13,0)</li>      
			<li MayRequire="Ludeon.RimWorld.Biotech">(13.001,122)</li><!-- End exclude -->
			<li MayRequire="Ludeon.RimWorld.Biotech">(13.999,130)</li>
			<li>(14,0)</li>
			<li MayRequire="Ludeon.RimWorld.Biotech">(14.001,130)</li>
			<li>(26,100)</li>
			<li>(40,100)</li>
			<li>(50,30)</li>
			<li>(65,18)</li>
			<li>(90,10)</li>
			<li>(155,3)</li>
			<li>(170,0)</li>
        </points>
      </ageGenerationCurve>
      <hediffGiverSets>
      <li>OrganicStandard</li>
      </hediffGiverSets>
    </race>
    <recipes>
      <li>InstallLionTail</li>
      <li>InstallBionicLionTail</li>
      <li>InstallArchotechEye</li>
      <li>InstallArchotechArm</li>
      <li>InstallArchotechLeg</li>
      <li>InstallPowerClaw</li>
      <li>InstallBionicEye</li>
      <li>InstallBionicArm</li>
      <li>InstallBionicLeg</li>
      <li>InstallBionicSpine</li>
      <li>InstallBionicHeart</li>
      <li>InstallBionicStomach</li>
      <li>InstallBionicEar</li>
      <li>InstallSimpleProstheticArm</li>
      <li>InstallSimpleProstheticLeg</li>
      <li>InstallSimpleProstheticHeart</li>
      <li>InstallCochlearImplant</li>
      <li>InstallPegLeg</li>
      <li>InstallWoodenFoot</li>
      <li>InstallDenture</li>
      <li>InstallJoywire</li>
      <li>InstallPainstopper</li>
      <li>InstallNaturalHeart</li>
      <li>InstallNaturalLung</li>
      <li>InstallNaturalKidney</li>
      <li>InstallNaturalLiver</li>
      <li>ExciseCarcinoma</li>
      <li>AdministerMechSerumHealer</li>
      <li>RemoveBodyPart</li>
      <li>Euthanize</li>
      <li>Anesthetize</li>
      <li>InstallLionEye</li>
      <li MayRequire="Ludeon.RimWorld.Biotech">Vasectomy</li>
      <li MayRequire="Ludeon.RimWorld.Biotech">ReverseVasectomy</li>
      <li MayRequire="Ludeon.RimWorld.Biotech">TubalLigation</li>
      <li MayRequire="Ludeon.RimWorld.Biotech">ExtractOvum</li>
      <li MayRequire="Ludeon.RimWorld.Royalty">CureBloodRot</li>
      <li MayRequire="Ludeon.RimWorld.Royalty">CureAbasia</li>
      <li MayRequire="Ludeon.RimWorld.Biotech">ExtractHemogenPack</li>
      <li MayRequire="Ludeon.RimWorld.Biotech">BloodTransfusion</li>
      <li MayRequire="Ludeon.RimWorld.Biotech">ImplantXenogerm</li>
      <li MayRequire="Ludeon.RimWorld.Biotech">ImplantIUD</li>
      <li MayRequire="Ludeon.RimWorld.Biotech">RemoveIUD</li>
      <li MayRequire="Ludeon.RimWorld.Biotech">TerminatePregnancy</li>
    </recipes>
</AlienRace.ThingDef_AlienRace>

</Defs>