<?xml version="1.0" encoding="utf-8" ?>
<Defs>


<AlienRace.RaceSettings>
	<defName>StripedGnoll_Settings</defName>
		<pawnKindSettings>
			<alienslavekinds>
				<li>
					<kindDefs>
						<li>StripedGnollSlave</li>
					</kindDefs>
					<chance>40.0</chance>
				</li>
			</alienslavekinds>
			<alienrefugeekinds>
				<li>
					<kindDefs>
						<li>StripedGnollRefugee</li>
					</kindDefs>
					<chance>50.0</chance>
				</li>
			</alienrefugeekinds>
			<startingColonists>
				<li>
					<pawnKindEntries>
						<li>
							<kindDefs>
								<li>StripedGnollHunter</li>
								<li>StripedGnollTracker</li>
								<li>StripedGnollRanger</li>
								<li>StripedGnollScavenger</li>
							</kindDefs>
							<chance>10.0</chance>
						</li>
					</pawnKindEntries>
					<factionDefs>
						<li>StripedGnollPlayerColony</li> 
					</factionDefs>
				</li>
			</startingColonists>
			<alienwandererkinds>
				<li>
					<pawnKindEntries>
						<li>
							<kindDefs>
								<li>StripedGnollHunter</li>
								<li>StripedGnollTracker</li>
								<li>StripedGnollRanger</li>
								<li>StripedGnollScavenger</li>
								<li>StripedGnollPackLeader</li>
								<li>StripedGnollRecruit</li>
							</kindDefs>
							<chance>50.0</chance>
						</li>
					</pawnKindEntries>
					<factionDefs>
						<li>StripedGnollPlayerColony</li> 
					</factionDefs>
				</li>
			</alienwandererkinds>
		</pawnKindSettings>
</AlienRace.RaceSettings>



<AlienRace.ThingDef_AlienRace ParentName="Human">
    <defName>Alien_StripedGnoll</defName>
    <label>Striped Gnoll</label>
    <description>Known as hyenafolk, Gnolls are typically portrayed as lazy, feral and able to consume pretty much anything. The Striped variants appear to be either descendants or mutations of old Earth's Striped Hyenas; in appearance alone it would seem. While a bit less aggressive than their Spotted cousins, Striped Gnolls have tendencies to be quicker, more social and a bit more intelligent. Like everything else on the Rim, it's all in who tells the story.</description>
    <alienRace>
		<raceRestriction>
		<blackGeneList>
                    <li MayRequire="Ludeon.RimWorld.Biotech">Brow_Heavy</li>
                    <li MayRequire="Ludeon.RimWorld.Biotech">FacialRidges</li>
                </blackGeneList>
                <blackGeneTags>
                    <li>SkinColor</li>
                    <li>HairColor</li>
                    <li>EyeColor</li>
                    <li>BodyType</li>
                    <li>Ears</li>
                    <li>Nose</li>
                    <li>Jaw</li>
                    <li>Head</li>
                    <li>Headbone</li>
                    <li>HairStyle</li>
                    <li>BeardStyle</li>
                    <li>SkinColorOverride</li>
                    <li>Fur</li>
                    <li>Tail</li>
                </blackGeneTags>
                <blackEndoCategories>
                    <li>Melanin</li>
                    <li>HairColor</li>
                    <li>Ears</li>
                    <li>Nose</li>
                    <li>Jaw</li>
                    <li>Head</li>
                    <li>BodyType</li>
                </blackEndoCategories>
		</raceRestriction>
        <generalSettings>
            <maxDamageForSocialfight>12</maxDamageForSocialfight>
            <maleGenderProbability>0.5</maleGenderProbability>
            <immuneToAge>true</immuneToAge>
            <forcedRaceTraitEntries>
                <li>
                    <defName>Immunity</defName>
                    <degree>1</degree>
                    <chance>30</chance>
                </li>
                <li>
                    <defName>Psychopath</defName>
                    <chance>20</chance>
                </li>
                <li>
                    <defName>SpeedOffset</defName>
					<degree>1</degree>
					<chance>40</chance>
					<commonalityMale>20</commonalityMale>
                    <commonalityFemale>20</commonalityFemale>
                </li>
            </forcedRaceTraitEntries>
            <factionRelations>
                <li>
                    <factions>
                       <li>FrogCamp</li>
                       <li>FrogPlayerColony</li>
                    </factions>
                    <goodwill>
                       <min>-99</min>
                       <max>-100</max>
                    </goodwill>
                </li>               
            </factionRelations>
			<disallowedTraits>
				<li>
                <defName>Wimp</defName>
                </li>
            </disallowedTraits>
            <alienPartGenerator>
                <colorChannels>
                    <li>
                        <name>skin</name>
                        <first Class="ColorGenerator_Options">
                            <options>
                                 <li>
                                    <weight>5</weight>
                                    <only>RGBA(0.811,0.811,0.807,1)</only>
                                </li>
                                <li>
                                    <weight>5</weight>
                                    <only>RGBA(0.674,0.662,0.643,1)</only>
                                </li>
                                <li>
                                    <weight>5</weight>
                                    <only>RGBA(0.458,0.450,0.435,1)</only>
                                </li>
                                 <li>
                                    <weight>5</weight>
                                    <only>RGBA(0.286,0.282,0.274,1)</only>
                                </li>
                                <li>
                                    <weight>5</weight>
                                    <only>RGBA(0.396,0.392,0.380,1)</only>
                                </li>
                                <li>
                                    <weight>2</weight>
                                    <min>RGBA(0.28,0.28,0.2,1)</min>
                                    <max>RGBA(0.80,0.80,0.80,1)</max>
                                </li>
                            </options>
                        </first>
                        <second Class="ColorGenerator_Options">
                            <options>
                                 <li>
                                    <weight>5</weight>
                                    <only>RGBA(0.811,0.811,0.807,1)</only>
                                </li>
                                <li>
                                    <weight>5</weight>
                                    <only>RGBA(0.674,0.662,0.643,1)</only>
                                </li>
                                <li>
                                    <weight>5</weight>
                                    <only>RGBA(0.458,0.450,0.435,1)</only>
                                </li>
                                 <li>
                                    <weight>5</weight>
                                    <only>RGBA(0.286,0.282,0.274,1)</only>
                                </li>
                                <li>
                                    <weight>5</weight>
                                    <only>RGBA(0.396,0.392,0.380,1)</only>
                                </li>
                                <li>
                                    <weight>2</weight>
                                    <min>RGBA(0.28,0.28,0.2,1)</min>
                                    <max>RGBA(0.80,0.80,0.80,1)</max>
                                </li>
                            </options>
                        </second>
                    </li>
                </colorChannels>
                <anchorReplacements>
                        <li>
                            <originalTag>LeftEye</originalTag>
                            <originalGroup>FullHead</originalGroup>
                            <replacement> 
                                <tag>Null</tag>
                                <rotation>South</rotation>
                                <canMirror>false</canMirror>
                                <layer>Head</layer>
                                <debugColor>(0,0,0,0)</debugColor>
                            </replacement> 
                        </li>
                        <li>
                            <originalTag>LeftEye</originalTag>
                            <originalGroup>FullHead</originalGroup>
                            <replacement> 
                                <tag>Null</tag>
                                <rotation>West</rotation>
                                <canMirror>false</canMirror>
                                <layer>Head</layer>
                                <debugColor>(0,0,0,0)</debugColor>
                            </replacement> 
                        </li>
                        <li>
                            <originalTag>LeftEye</originalTag>
                            <originalGroup>FullHead</originalGroup>
                            <replacement> 
                                <tag>Null</tag>
                                <rotation>South</rotation>
                                <canMirror>false</canMirror>
                                <layer>Head</layer>
                                <debugColor>(0,0,0,0)</debugColor>
                            </replacement> 
                        </li>
                        <li>
                            <originalTag>LeftEye</originalTag>
                            <originalGroup>FullHead</originalGroup>
                            <replacement> 
                                <tag>Null</tag>
                                <rotation>East</rotation>
                                <canMirror>false</canMirror>
                                <layer>Head</layer>
                                <debugColor>(0,0,0,0)</debugColor>
                            </replacement> 
                        </li>
                        <li>
                            <originalTag>RightEye</originalTag>
                            <originalGroup>FullHead</originalGroup>
                            <replacement> 
                                <tag>Null</tag>
                                <rotation>South</rotation>
                                <canMirror>false</canMirror>
                                <layer>Head</layer>
                                <debugColor>(0,0,0,0)</debugColor>
                            </replacement> 
                        </li>
                        <li>
                            <originalTag>RightEye</originalTag>
                            <originalGroup>FullHead</originalGroup>
                            <replacement> 
                                <tag>Null</tag>
                                <rotation>West</rotation>
                                <canMirror>false</canMirror>
                                <layer>Head</layer>
                                <debugColor>(0,0,0,0)</debugColor>
                            </replacement> 
                        </li>
                        <li>
                            <originalTag>RightEye</originalTag>
                            <originalGroup>FullHead</originalGroup>
                            <replacement> 
                                <tag>Null</tag>
                                <rotation>South</rotation>
                                <canMirror>false</canMirror>
                                <layer>Head</layer>
                                <debugColor>(0,0,0,0)</debugColor>
                            </replacement> 
                        </li>
                        <li>
                            <originalTag>RightEye</originalTag>
                            <originalGroup>FullHead</originalGroup>
                            <replacement> 
                                <tag>Null</tag>
                                <rotation>East</rotation>
                                <canMirror>false</canMirror>
                                <layer>Head</layer>
                                <debugColor>(0,0,0,0)</debugColor>
                            </replacement> 
                        </li>
                    </anchorReplacements>
                <bodyAddons>  
                    <li>
                        <scaleWithPawnDrawsize>true</scaleWithPawnDrawsize>
                        <path>Things/StripedGnoll/Eyes/FemaleEyeLeft</path>
                        <conditions> <!-- if HAR.feature.New = "Pain In My Ass": add(HAR.feature.New) -->
                          <RotStage>Fresh,Rotting</RotStage>
                          <body>
                            <bodyPart>Eye</bodyPart>
                            <bodyPartLabel>left eye</bodyPartLabel>
                          </body>
                          <Posture>
                            <drawnStanding>true</drawnStanding>
                            <drawnLaying>true</drawnLaying>
                            <drawnInBed>false</drawnInBed>
                          </Posture>
                        </conditions>
                        <extendedGraphics>
                          <Hediff For="GnollstromBionicEyeTargeter">Things/StripedGnoll/Eyes/GnollBioniceye</Hediff>
                          <Hediff For="BionicEye">Things/StripedGnoll/Eyes/BionicEyeLeft</Hediff>
                          <Hediff For="ArchotechEye">Things/StripedGnoll/Eyes/ArchotechEyeLeft</Hediff>
                        <extendedGraphics>
                        <inFrontOfBody>true</inFrontOfBody>
                        <colorChannel>skin</colorChannel>
                        <defaultOffset>Center</defaultOffset>
                        <alignWithHead>true</alignWithHead>
                        <layerInvert>False</layerInvert>
                        <offsets>
                            <south>
                                <layerOffset>-0.2720256</layerOffset>
                                <bodyTypes>
                                    <Male>(-0.08810336,-0.03536978)</Male>
                                    <Female>(-0.08810336,-0.03536978)</Female>
                                    <Thin>(-0.08810336,-0.03536978)</Thin>
                                    <Hulk>(-0.08810336,-0.03536978)</Hulk>
                                <Child MayRequire="ludeon.rimworld.biotech">(-0.05852074,-0.01221881)</Child>
                                <Baby MayRequire="ludeon.rimworld.biotech">(-0.05852074,-0.01221881)</Baby>
                                </bodyTypes>
                                <headTypes>
                                    <Male_AverageNormal>(0,0)</Male_AverageNormal>
                                    <Female_AverageNormal>(0,0)</Female_AverageNormal>
                                </headTypes>
                            </south>
                            <north>
                                <layerOffset>-0.2720256</layerOffset>
                                <bodyTypes>
                                    <Male>(-12,-12)</Male>
                                    <Female>(-12,-12)</Female>
                                    <Thin>(-12,-12)</Thin>
                                    <Hulk>(-12,-12)</Hulk>
                                <Child MayRequire="ludeon.rimworld.biotech">(-12,-12)</Child>
                                <Baby MayRequire="ludeon.rimworld.biotech">(-12,-12)</Baby>
                                </bodyTypes>
                                <headTypes>
                                    <Male_AverageNormal>(0,0)</Male_AverageNormal>
                                    <Female_AverageNormal>(0,0)</Female_AverageNormal>
                                </headTypes>
                            </north>
                            <east>
                                <layerOffset>-0.2720256</layerOffset>
                                <bodyTypes>
                                    <Male>(-0.1073952,-0.040514)</Male>
                                    <Female>(-0.1073952,-0.040514)</Female>
                                    <Thin>(-0.1073952,-0.040514)</Thin>
                                    <Hulk>(-0.1073952,-0.040514)</Hulk>
                                <Child MayRequire="ludeon.rimworld.biotech">(-0.07266834,-0.01221881)</Child>
                                <Baby MayRequire="ludeon.rimworld.biotech">(-0.07266834,-0.01221881)</Baby>
                                </bodyTypes>
                                <headTypes>
                                    <Male_AverageNormal>(0,0)</Male_AverageNormal>
                                    <Female_AverageNormal>(0,0)</Female_AverageNormal>
                                </headTypes>
                            </east>
                            <west>
                                <layerOffset>-0.2720256</layerOffset>
                                <bodyTypes>
                                    <Male>(12,12)</Male>
                                    <Female>(12,12)</Female>
                                    <Thin>(12,12)</Thin>
                                    <Hulk>(12,12)</Hulk>
                                <Child MayRequire="ludeon.rimworld.biotech">(-12,-12)</Child>
                                <Baby MayRequire="ludeon.rimworld.biotech">(-12,-12)</Baby>
                                </bodyTypes>
                                <headTypes>
                                    <Male_AverageNormal>(0,0)</Male_AverageNormal>
                                    <Female_AverageNormal>(0,0)</Female_AverageNormal>
                                </headTypes>
                            </west>
                        </offsets>
                        <hiddenUnderApparelFor>
                            <li>FullHead</li>
                        </hiddenUnderApparelFor>
                    </li>
                    <li>
                        <scaleWithPawnDrawsize>true</scaleWithPawnDrawsize>
                        <path>Things/StripedGnoll/Eyes/FemaleEyeRight</path>
                        <conditions> <!-- if HAR.feature.New = "Pain In My Ass": add(HAR.feature.New) -->
                          <RotStage>Fresh,Rotting</RotStage>
                          <body>
                            <bodyPart>Eye</bodyPart>
                            <bodyPartLabel>right eye</bodyPartLabel>
                          </body>
                          <Posture>
                            <drawnStanding>true</drawnStanding>
                            <drawnLaying>true</drawnLaying>
                            <drawnInBed>false</drawnInBed>
                          </Posture>
                        </conditions>
                        <extendedGraphics>
                          <Hediff For="GnollstromBionicEyeTargeter">Things/StripedGnoll/Eyes/GnollBioniceyeRight</Hediff>
                          <Hediff For="BionicEye">Things/StripedGnoll/Eyes/BionicEyeRight</Hediff>
                          <Hediff For="ArchotechEye">Things/StripedGnoll/Eyes/ArchotechEyeRight</Hediff>
                        <extendedGraphics>
                        <inFrontOfBody>true</inFrontOfBody>
                        <colorChannel>skin</colorChannel>
                        <defaultOffset>Center</defaultOffset>
                        <alignWithHead>true</alignWithHead>
                        <layerInvert>false</layerInvert>
                        <offsets>
                            <south>
                                <layerOffset>-0.2720256</layerOffset>
                                <bodyTypes>
                                    <Male>(0.08810336,-0.03536978)</Male>
                                    <Female>(0.08810336,-0.03536978)</Female>
                                    <Thin>(0.08810336,-0.03536978)</Thin>
                                    <Hulk>(0.08810336,-0.03536978)</Hulk>
                                <Child MayRequire="ludeon.rimworld.biotech">(0.05852074,-0.01221881)</Child>
                                <Baby MayRequire="ludeon.rimworld.biotech">(0.05852074,-0.01221881)</Baby>
                                </bodyTypes>
                                <headTypes>
                                    <Male_AverageNormal>(0,0)</Male_AverageNormal>
                                    <Female_AverageNormal>(0,0)</Female_AverageNormal>
                                </headTypes>
                            </south>
                            <north>
                                <layerOffset>-0.2720256</layerOffset>
                                <bodyTypes>
                                    <Male>(-12,-12)</Male>
                                    <Female>(-12,-12)</Female>
                                    <Thin>(-12,-12)</Thin>
                                    <Hulk>(-12,-12)</Hulk>
                                <Child MayRequire="ludeon.rimworld.biotech">(-12,-12)</Child>
                                <Baby MayRequire="ludeon.rimworld.biotech">(-12,-12)</Baby>
                                </bodyTypes>
                                <headTypes>
                                    <Male_AverageNormal>(0,0)</Male_AverageNormal>
                                    <Female_AverageNormal>(0,0)</Female_AverageNormal>
                                </headTypes>
                            </north>
                            <east>
                                <layerOffset>-0.2720256</layerOffset>
                                <bodyTypes>
                                    <Male>(-12,-12)</Male>
                                    <Female>(-12,-12)</Female>
                                    <Thin>(-12,-12)</Thin>
                                    <Hulk>(-12,-12)</Hulk>
                                <Child MayRequire="ludeon.rimworld.biotech">(-12,-12)</Child>
                                <Baby MayRequire="ludeon.rimworld.biotech">(-12,-12)</Baby>
                                </bodyTypes>
                                <headTypes>
                                    <Male_AverageNormal>(0,0)</Male_AverageNormal>
                                    <Female_AverageNormal>(0,0)</Female_AverageNormal>
                                </headTypes>
                            </east>
                            <west>
                                <layerOffset>-0.2720256</layerOffset>
                                <bodyTypes>
                                    <Male>(-0.1073952,-0.040514)</Male>
                                    <Female>(-0.1073952,-0.040514)</Female>
                                    <Thin>(-0.1073952,-0.040514)</Thin>
                                    <Hulk>(-0.1073952,-0.040514)</Hulk>
                                <Child MayRequire="ludeon.rimworld.biotech">(-0.07266834,-0.01221881)</Child>
                                <Baby MayRequire="ludeon.rimworld.biotech">(-0.07266834,-0.01221881)</Baby>
                                </bodyTypes>
                                <headTypes>
                                    <Male_AverageNormal>(0,0)</Male_AverageNormal>
                                    <Female_AverageNormal>(0,0)</Female_AverageNormal>
                                </headTypes>
                            </west>
                        </offsets>
                        <hiddenUnderApparelFor>
                            <li>FullHead</li>
                        </hiddenUnderApparelFor>
                    </li>
                <li>
				<path>Things/Gnoll/Tails/TailX</path>
                <bodyPart>Tail</bodyPart>
                <colorChannel>skin</colorChannel>
                <inFrontOfBody>false</inFrontOfBody>
                <defaultOffset>Tail</defaultOffset>
				<scaleWithPawnDrawsize>true</scaleWithPawnDrawsize>
                <conditions>
                  <RotStage>Fresh,Rotting</RotStage>
                  <Posture>
                    <drawnStanding>true</drawnStanding>
                    <drawnLaying>true</drawnLaying>
                    <drawnInBed>false</drawnInBed>
                  </Posture>
                </conditions>
                <extendedGraphics>
                  <Hediff For="GnollTailBionic">Things/Gnoll/Tails/TailXBionic</Hediff>
                <extendedGraphics>
                <offsets>
                <south>
                    <bodyTypes>
                    <Male>(0,-0.22)</Male>
                    <Female>(0,-0.22)</Female>
                    <Thin>(0,-0.22)</Thin>
					<Child>(0.02,-0.2)</Child>
					<Baby>(0,0)</Baby>
                    </bodyTypes>
                </south>

                <north>
					<bodyTypes>
					<Male>(0,-0.25)</Male>
					<Female>(0,-0.25)</Female>
					<Thin>(0,-0.25)</Thin>
					<Child>(0,0.1292601)</Child>
					<Baby>(0,0.1292601)</Baby>
					</bodyTypes>
                </north>
                <west>
					<bodyTypes>
					<Male>(0,-0.22)</Male>
					<Female>(0,-0.22)</Female>
					<Thin>(0,-0.22)</Thin>
					<Child>(-0.1806424,0.03151124)</Child>
					<Baby>(-0.1806424,0.03151124)</Baby>
					</bodyTypes>
                </west>
                <east>
					<bodyTypes>
					<Male>(0,-0.22)</Male>
					<Female>(0,-0.22)</Female>
					<Thin>(0,-0.22)</Thin>
					<Child>(-0.1806424,0.03151124)</Child>
					<Baby>(-0.1806424,0.03151124)</Baby>
					</bodyTypes>
                </east>
                </offsets>
                </li>
            </bodyAddons>
		<headTypes Inherit="False">
			<li>Female_AverageNormal</li>
			<li>Male_AverageNormal</li>
		</headTypes>
		<bodyTypes Inherit="False">
			<li MayRequire="Ludeon.RimWorld.Biotech">Baby</li>
			<li MayRequire="Ludeon.RimWorld.Biotech">Child</li>
			<li>Thin</li>
			<li>Male</li>
			<li>Female</li>
		</bodyTypes>
             </alienPartGenerator>
			<chemicalSettings />	
            <humanRecipeImport>true</humanRecipeImport>
        </generalSettings>
        <graphicPaths>
			  <head>
				<path>Things/StripedGnoll/Heads/</path>
				<headtypeGraphics>
					<Male_AverageNormal>Things/StripedGnoll/Heads/Male_Average_Normal</Male_AverageNormal>
					<Female_AverageNormal>Things/StripedGnoll/Heads/Female_Average_Normal</Female_AverageNormal>
				</headtypeGraphics>
			  </head>
			  <body>Things/StripedGnoll/Bodies/</body>
			  <skinShader>Cutout</skinShader>
        </graphicPaths>
        <styleSettings>
            <li>
                <key>BeardDef</key>
                <value>
                    <hasStyle>true</hasStyle>
                    <styleTags>
                        <li>NoBeard</li>
                    </styleTags>
                </value>
            </li>
            <li>
                <key>HairDef</key>
                <value>
                    <hasStyle>false</hasStyle>
                    <styleTags>
                    </styleTags>
                </value>
            </li>
        </styleSettings>
        <relationSettings>
            <relationChanceModifierChild>1.1</relationChanceModifierChild>
            <relationChanceModifierExLover>1</relationChanceModifierExLover>
            <relationChanceModifierExSpouse>1</relationChanceModifierExSpouse>
            <relationChanceModifierFiance>1.1</relationChanceModifierFiance>
            <relationChanceModifierLover>1.05</relationChanceModifierLover>
            <relationChanceModifierParent>1</relationChanceModifierParent>
            <relationChanceModifierSibling>1</relationChanceModifierSibling>
            <relationChanceModifierSpouse>1.1</relationChanceModifierSpouse>
        </relationSettings>
		 <thoughtSettings>
			<replacerList>
				<li>
					<original>AteHumanlikeMeatDirectCannibal</original>
					<replacer>AteHumanlikeMeatDirectCannibalGnoll</replacer>
				</li>
				<li>
					<original>AteHumanlikeMeatAsIngredientCannibal</original>
					<replacer>AteHumanlikeMeatAsIngredientCannibalGnoll</replacer>
				</li>
				<li>
					<original>SleepDisturbed</original>
					<replacer>GnollsonalSpace</replacer>
				</li>
				<li>
					<original>AteWithoutTable</original>
					<replacer>GnollWithoutTable</replacer>
				</li>
				<li>
					<original>MyOrganHarvested</original>
					<replacer>MyOrganHeeHee</replacer>
				</li>
				<li>
					<original>Nuzzled</original>
					<replacer>Snuzzled</replacer>
				</li>
				<li>
					<original>SoakingWet</original>
					<replacer>DSW</replacer>
				</li>
                <li>
                    <original>RippitHigh</original>
                    <replacer>RippitHighGnoll</replacer>
                </li>
			</replacerList>
		 	<cannotReceiveThoughts>
				<li>ObservedLayingCorpse</li>
				<li>ButcheredHumanlikeCorpse</li>
				<li>KnowButcheredHumanlikeCorpse</li>
				<li>AteHumanlikeMeatDirect</li>
				<li>AteHumanlikeMeatAsIngredient</li>
				<li>KnowPrisonerDiedInnocent</li>
				<li>KnowGuestExecuted</li>
				<li>ExecutedPrisoner</li>
				<li>AteRawFood</li>
				<li>AteInsectMeatDirect</li>
				<li>AteInsectMeatAsIngredient</li>
				<li>PrisonerBanishedToDie</li>
				<li>KnowPrisonerSold</li>
				<li>SoldPrisoner</li>
				<li>KnowGuestOrganHarvested</li>
				<li>SleptOnGround</li>
				<li>AteHumanlikeMeatDirectCannibal</li>
				<li>AteHumanlikeMeatAsIngredientCannibal</li>
				<li>SleepDisturbed</li>
				<li>AteWithoutTable</li>
				<li>MyOrganHarvested</li>
				<li>Nuzzled</li>
                <li>RippitHigh</li>
				<li>SoakingWet</li>
			</cannotReceiveThoughts>
			<restrictedThoughts>
				<li>AteHumanlikeMeatDirectCannibalGnoll</li>
				<li>AteHumanlikeMeatAsIngredientCannibalGnoll</li>
				<li>GnollsonalSpace</li>
				<li>GnollWithoutTable</li>
				<li>MyOrganHeeHee</li>
				<li>Snuzzled</li>
				<li>DSW</li>
                <li>RippitHighGnoll</li>
			</restrictedThoughts>
		</thoughtSettings>
    </alienRace>
	<statBases>
		<MarketValue>1000</MarketValue>
		<MoveSpeed>6.2</MoveSpeed>
		<Flammability>1.0</Flammability>
		<CarryingCapacity>75</CarryingCapacity>
		<ComfyTemperatureMin>10</ComfyTemperatureMin>
		<ComfyTemperatureMax>45</ComfyTemperatureMax>
		<LeatherAmount>30</LeatherAmount>
        <RoyalFavorValue>2</RoyalFavorValue>
		<PsychicSensitivity>0.85</PsychicSensitivity>
		<ToxicResistance>0.5</ToxicResistance>
		<ImmunityGainSpeed>1.15</ImmunityGainSpeed>
		<MiningSpeed>1.0</MiningSpeed>
		<AnimalGatherSpeed>1.1</AnimalGatherSpeed>
		<AnimalGatherYield>1.1</AnimalGatherYield>
		<ConstructionSpeed>0.9</ConstructionSpeed>
		<SocialImpact>1.15</SocialImpact>
		<ResearchSpeed>1.15</ResearchSpeed>
		<ArmorRating_Blunt>0.1</ArmorRating_Blunt>
		<ArmorRating_Sharp>0.15</ArmorRating_Sharp>
    </statBases>
    <tools>
		<li>
			<label>left fist</label>
			<capacities>
				<li>Blunt</li>
			</capacities>
			<power>6</power>
			<cooldownTime>1.4</cooldownTime>
			<linkedBodyPartsGroup>LeftHand</linkedBodyPartsGroup>
			<surpriseAttack>
				<extraMeleeDamages>
					<li>
						<def>Stun</def>
						<amount>10</amount>
					</li>
				</extraMeleeDamages>
			</surpriseAttack>
		</li>
		<li>
			<label>right fist</label>
			<capacities>
				<li>Blunt</li>
			</capacities>
			<power>6</power>
			<cooldownTime>1.4</cooldownTime>
			<linkedBodyPartsGroup>RightHand</linkedBodyPartsGroup>
			<surpriseAttack>
				<extraMeleeDamages>
					<li>
						<def>Stun</def>
						<amount>10</amount>
					</li>
				</extraMeleeDamages>
			</surpriseAttack>
		</li>
		<li>
			<capacities>
				<li>Bite</li>
			</capacities>
			<power>10</power>
			<cooldownTime>2.5</cooldownTime>
			<linkedBodyPartsGroup>Teeth</linkedBodyPartsGroup>
			<surpriseAttack>
				<extraMeleeDamages>
					<li>
						<def>Stun</def>
						<amount>17</amount>
					</li>
				</extraMeleeDamages>
			</surpriseAttack>
			</li>
		<li>
			<label>head</label>
			<capacities>
				<li>Blunt</li>
			</capacities>
			<power>5</power>
			<cooldownTime>1.5</cooldownTime>
			<linkedBodyPartsGroup>HeadAttackTool</linkedBodyPartsGroup>
			<chanceFactor>0.2</chanceFactor>
		</li>
    </tools>
    <race>
      <renderTree>Humanlike</renderTree>
      <fleshType>SGLF_HeadScarRemover</fleshType>
      <thinkTreeMain>Humanlike</thinkTreeMain>
      <thinkTreeConstant>HumanlikeConstant</thinkTreeConstant>
      <intelligence>Humanlike</intelligence>
      <makesFootprints>true</makesFootprints>
      <lifeExpectancy>75</lifeExpectancy>
      <leatherDef>Leather_stripedgnoll</leatherDef>
      <nameGenerator>NamerPersonStripedGnollMale</nameGenerator>
       <nameGeneratorFemale>NamerPersonStripedGnollFemale</nameGeneratorFemale>
      <body>StripedGnoll</body>
      <bloodDef>FilthBloodStripedGnoll</bloodDef>	
      <meatColor>(128, 0, 1)</meatColor>
      <baseBodySize>1.1</baseBodySize>
      <baseHealthScale>1.1</baseHealthScale>
      <foodType>OmnivoreHuman, Kibble, Meat, Corpse</foodType>
      <nuzzleMtbHours>15</nuzzleMtbHours>
      <gestationPeriodDays>15</gestationPeriodDays>
      <litterSizeCurve>
        <points>
          <li>(0.5, 0)</li>
          <li>(1, 1)</li>
          <li>(1.01, 0.02)</li>
          <li>(3.5, 0)</li>
        </points>
      </litterSizeCurve>
      <lifeStageAges>
        <li>
          <def>BabyStageStripedGnoll</def>
          <minAge>0</minAge>
        </li>
        <li>
          <def>ChildStageStripedGnoll</def>
          <minAge>4</minAge>
        </li>
		<li>
          <def>TeenStageStripedGnoll</def>
          <minAge>13</minAge>
        </li>
        <li>
          <def>AdultStageStripedGnoll</def>
          <minAge>18</minAge>
        </li>
      </lifeStageAges>
	  <lifeStageWorkSettings MayRequire="Ludeon.RimWorld.Biotech">
        <Firefighter>7</Firefighter>
        <Patient>0</Patient>
        <Doctor>10</Doctor>
        <PatientBedRest>0</PatientBedRest>
        <Childcare MayRequire="Ludeon.RimWorld.Biotech">0</Childcare>
        <BasicWorker>3</BasicWorker>
        <Warden>10</Warden>
        <Handling>7</Handling>
        <Cooking>7</Cooking>
        <Hunting>7</Hunting>
        <Construction>10</Construction>
        <Growing>7</Growing>
        <Mining>7</Mining>
        <PlantCutting>7</PlantCutting>
        <Smithing>13</Smithing>
        <Tailoring>7</Tailoring>
        <Art>10</Art>
        <Crafting>7</Crafting>
        <Hauling>3</Hauling>
        <Cleaning>3</Cleaning>
        <Research>13</Research>
      </lifeStageWorkSettings>
      <soundMeleeHitPawn>Pawn_Melee_Punch_HitPawn</soundMeleeHitPawn>
      <soundMeleeHitBuilding>Pawn_Melee_Punch_HitBuilding</soundMeleeHitBuilding>
      <soundMeleeMiss>Pawn_Melee_Punch_Miss</soundMeleeMiss>
      <specialShadowData>
        <volume>(0.3, 0.8, 0.4)</volume>
        <offset>(0,0,-0.3)</offset>
      </specialShadowData>
      <ageGenerationCurve>
        <points>
			<li MayRequire="Ludeon.RimWorld.Biotech">(0,0)</li>
			<li MayRequire="Ludeon.RimWorld.Biotech">(0.001,43)</li>
			<li MayRequire="Ludeon.RimWorld.Biotech">(8,86)</li>
			<li MayRequire="Ludeon.RimWorld.Biotech">(12.5,118)</li>  <!-- Exclude 12.5-13 years to avoid spawning pawns who are very close to becoming adults -->  
			<li MayRequire="Ludeon.RimWorld.Biotech">(12.51,0)</li>  
			<li MayRequire="Ludeon.RimWorld.Biotech">(13,0)</li>      
			<li MayRequire="Ludeon.RimWorld.Biotech">(13.001,122)</li><!-- End exclude -->
			<li MayRequire="Ludeon.RimWorld.Biotech">(13.999,130)</li>
			<li>(14,0)</li>
			<li MayRequire="Ludeon.RimWorld.Biotech">(14.001,130)</li>
			<li>(16,100)</li>
			<li>(20,100)</li>
			<li>(30,30)</li>
			<li>(45,18)</li>
			<li>(50,10)</li>
			<li>(55,3)</li>
			<li>(70,0)</li>
        </points>
      </ageGenerationCurve>
      <hediffGiverSets>
      <li>OrganicStandard</li>
      </hediffGiverSets>
    </race>
    <recipes>
      <li>InstallArchotechEye</li>
      <li>InstallArchotechArm</li>
      <li>InstallArchotechLeg</li>
      <li>InstallPowerClaw</li>
      <li>InstallBionicEye</li>
      <li>InstallBionicArm</li>
      <li>InstallBionicLeg</li>
      <li>InstallBionicSpine</li>
      <li>InstallBionicHeart</li>
      <li>InstallBionicStomach</li>
      <li>InstallBionicEar</li>
      <li>InstallBionicGnollTail</li>
      <li>InstallSimpleProstheticArm</li>
      <li>InstallSimpleProstheticLeg</li>
      <li>InstallSimpleProstheticHeart</li>
      <li>InstallCochlearImplant</li>
      <li>InstallPegLeg</li>
      <li>InstallWoodenFoot</li>
      <li>InstallDenture</li>
      <li>InstallJoywire</li>
      <li>InstallPainstopper</li>
      <li>InstallNaturalHeart</li>
      <li>InstallNaturalLung</li>
      <li>InstallNaturalKidney</li>
      <li>InstallNaturalLiver</li>
      <li>ExciseCarcinoma</li>
      <li>AdministerMechSerumHealer</li>
      <li>RemoveBodyPart</li>
      <li>Euthanize</li>
      <li>Anesthetize</li>
      <li>InstallGnollEye</li>
      <li MayRequire="Ludeon.RimWorld.Biotech">Vasectomy</li>
      <li MayRequire="Ludeon.RimWorld.Biotech">ReverseVasectomy</li>
      <li MayRequire="Ludeon.RimWorld.Biotech">TubalLigation</li>
      <li MayRequire="Ludeon.RimWorld.Biotech">ExtractOvum</li>
      <li MayRequire="Ludeon.RimWorld.Royalty">CureBloodRot</li>
      <li MayRequire="Ludeon.RimWorld.Royalty">CureAbasia</li>
      <li MayRequire="Ludeon.RimWorld.Biotech">ExtractHemogenPack</li>
      <li MayRequire="Ludeon.RimWorld.Biotech">BloodTransfusion</li>
      <li MayRequire="Ludeon.RimWorld.Biotech">ImplantXenogerm</li>
      <li MayRequire="Ludeon.RimWorld.Biotech">ImplantIUD</li>
      <li MayRequire="Ludeon.RimWorld.Biotech">RemoveIUD</li>
      <li MayRequire="Ludeon.RimWorld.Biotech">TerminatePregnancy</li>
    </recipes>
</AlienRace.ThingDef_AlienRace>

</Defs>