<?xml version="1.0" encoding="utf-8" ?>
<Defs>


<AlienRace.RaceSettings>
    <defName>Sergal_Settings</defName>
     <pawnKindSettings>
            <alienslavekinds>
                <li>
                    <kindDefs>
                        <li>SergalSlave</li>
                    </kindDefs>
                    <chance>40.0</chance>
                </li>
            </alienslavekinds>
            <alienrefugeekinds>
                <li>
                    <kindDefs>
                        <li>SergalRefugee</li>
                    </kindDefs>
                    <chance>50.0</chance>
                </li>
            </alienrefugeekinds>
			<startingColonists>
				<li>
				<pawnKindEntries>
					<li>
                    <kindDefs>
                        <li>SergalHunter</li>
						<li>SergalCommando</li>
						<li>SergalCommandoElite</li>
						<li>SergalColonist</li>
                    </kindDefs>
                    <chance>10.0</chance>
					</li>
				</pawnKindEntries>
					<factionDefs>
						<li>SergalPlayerColony</li> 
					</factionDefs>
				</li>
			</startingColonists>
            <alienwandererkinds>
                <li>
                    <pawnKindEntries>
                        <li>
                            <kindDefs>
                                <li>SergalHunter</li>
								<li>SergalCommando</li>
								<li>SergalColonist</li>
								<li>SergalCommandoElite</li>
								<li>SergalPackLeader</li>
								<li>SergalRecruit</li>
                            </kindDefs>
                            <chance>50.0</chance>
                        </li>
                    </pawnKindEntries>
                    <factionDefs>
                        <li>SergalPlayerColony</li> 
                    </factionDefs>
                </li>
            </alienwandererkinds>
        </pawnKindSettings>
  </AlienRace.RaceSettings>



<AlienRace.ThingDef_AlienRace ParentName="Human">
    <race>
      <renderTree>Humanlike</renderTree>
    </race>
    <defName>Alien_Sergal</defName>
    <label>sergal</label>
    <description>A flimsy race from planet Vilous at first but has since spread to other areas of the galaxy, such as the Hamal Cluster.</description>
    <alienRace>
		<raceRestriction>
			<blackGeneList>
                    <li MayRequire="Ludeon.RimWorld.Biotech">Brow_Heavy</li>
                    <li MayRequire="Ludeon.RimWorld.Biotech">FacialRidges</li>
                </blackGeneList>
                <blackGeneTags>
                    <li>SkinColor</li>
                    <li>HairColor</li>
                    <li>EyeColor</li>
                    <li>BodyType</li>
                    <li>Ears</li>
                    <li>Nose</li>
                    <li>Jaw</li>
                    <li>Head</li>
                    <li>Headbone</li>
                    <li>HairStyle</li>
                    <li>BeardStyle</li>
                    <li>SkinColorOverride</li>
                    <li>Fur</li>
                    <li>Tail</li>
                </blackGeneTags>
                <blackEndoCategories>
                    <li>Melanin</li>
                    <li>HairColor</li>
                    <li>Ears</li>
                    <li>Nose</li>
                    <li>Jaw</li>
                    <li>Head</li>
                    <li>BodyType</li>
                </blackEndoCategories>
		</raceRestriction>
        <generalSettings>
            <maxDamageForSocialfight>6</maxDamageForSocialfight>
            <maleGenderProbability>0.5</maleGenderProbability>
            <immuneToAge>false</immuneToAge>
            <forcedRaceTraitEntries>
                <li>
                    <defName>NaturalMood</defName>
                    <degree>2</degree>
                    <chance>5</chance>
                </li>
                <li>
                    <defName>Cannibal</defName>
                    <chance>20</chance>
                </li>
                <li>
                    <defName>Kind</defName>
					<chance>2</chance>
                </li>
            </forcedRaceTraitEntries>
            <alienPartGenerator>
                <colorChannels>
                    <li>
                        <name>skin</name>
                        <first Class="ColorGenerator_Options">
                            <options>
                                <li>
                                    <weight>5</weight>
                                    <only>RGBA(1.0,1.0,1.0,1)</only>
                                </li>
                                <li>
                                    <weight>5</weight>
                                    <only>RGBA(0.5,0.5,0.5,1)</only>
                                </li>
                                <li>
                                    <weight>5</weight>
                                    <only>RGBA(0.3,0.3,0.3,1)</only>
                                </li>
                                <li>
                                    <weight>5</weight>
                                    <only>RGBA(0.27,0.27,0.29,1)</only>
                                </li>
                                <li>
                                    <weight>5</weight>
                                    <only>RGBA(0.658,0.45,0.27,1)</only>
                                </li>
                                <li>
                                    <weight>5</weight>
                                    <only>RGBA(0.568,0.525,0.352,1)</only>
                                </li>
                                <li>
                                    <weight>5</weight>
                                    <only>RGBA(0.27,0.27,0.29,1)</only>
                                </li>
                                            <li>
                                    <weight>5</weight>
                                    <only>RGBA(0.35,0.29,0.25,1)</only>
                                </li>
                                <li>
                                    <weight>5</weight>
                                    <only>RGBA(0.749,0.792,0.807,1)</only>
                                </li>
                                <li>
                                    <weight>5</weight>
                                    <only>RGBA(0.376,0.376,0.376,1)</only>
                                </li>
                                <li>
                                    <weight>5</weight>
                                    <only>RGBA(0.7,0.7,0.75,1)</only>
                                </li>
                                <li>
                                    <weight>5</weight>
                                    <only>RGBA(0.4,0.3,0.1,1)</only>
                                </li>
                                <li>
                                    <weight>5</weight>
                                    <only>RGBA(0.7,0.7,0.7,1)</only>
                                </li>
                                <li>
                                    <weight>2</weight>
                                    <only>RGBA(0.3,0.3,0.45,1)</only>
                                </li>
                                <li>
                                    <weight>2</weight>
                                    <only>RGBA(0.55,0.3,0.55,1)</only>
                                </li>
                                <li>
                                    <weight>1</weight>
                                    <only>RGBA(0.25,0.25,0.28,1)</only>
                                </li>
                                <li>
                                    <weight>2</weight>
                                    <min>RGBA(0.3,0.3,0.3,1)</min>
                                    <max>RGBA(0.9,0.9,0.9,1)</max>
                                </li>
                            </options>
                        </first>
                        <second Class="ColorGenerator_Options">
                            <options>
                                <li>
                                    <weight>5</weight>
                                    <only>RGBA(1.0,1.0,1.0,1)</only>
                                </li>
                                <li>
                                    <weight>5</weight>
                                    <only>RGBA(0.5,0.5,0.5,1)</only>
                                </li>
                                <li>
                                    <weight>5</weight>
                                    <only>RGBA(0.3,0.3,0.3,1)</only>
                                </li>
                                <li>
                                    <weight>5</weight>
                                    <only>RGBA(0.27,0.27,0.29,1)</only>
                                </li>
                                <li>
                                    <weight>5</weight>
                                    <only>RGBA(0.658,0.45,0.27,1)</only>
                                </li>
                                <li>
                                    <weight>5</weight>
                                    <only>RGBA(0.568,0.525,0.352,1)</only>
                                </li>
                                <li>
                                    <weight>5</weight>
                                    <only>RGBA(0.27,0.27,0.29,1)</only>
                                </li>
                                            <li>
                                    <weight>5</weight>
                                    <only>RGBA(0.35,0.29,0.25,1)</only>
                                </li>
                                <li>
                                    <weight>5</weight>
                                    <only>RGBA(0.749,0.792,0.807,1)</only>
                                </li>
                                <li>
                                    <weight>5</weight>
                                    <only>RGBA(0.376,0.376,0.376,1)</only>
                                </li>
                                <li>
                                    <weight>5</weight>
                                    <only>RGBA(0.7,0.7,0.75,1)</only>
                                </li>
                                <li>
                                    <weight>5</weight>
                                    <only>RGBA(0.4,0.3,0.1,1)</only>
                                </li>
                                <li>
                                    <weight>5</weight>
                                    <only>RGBA(0.7,0.7,0.7,1)</only>
                                </li>
                                <li>
                                    <weight>2</weight>
                                    <only>RGBA(0.3,0.3,0.45,1)</only>
                                </li>
                                <li>
                                    <weight>2</weight>
                                    <only>RGBA(0.55,0.3,0.55,1)</only>
                                </li>
                                <li>
                                    <weight>1</weight>
                                    <only>RGBA(0.25,0.25,0.28,1)</only>
                                </li>
                                <li>
                                    <weight>2</weight>
                                    <min>RGBA(0.3,0.3,0.3,1)</min>
                                    <max>RGBA(0.9,0.9,0.9,1)</max>
                                </li>
                            </options>
                        </second>
                    </li>
                </colorChannels>
                <anchorReplacements>
                        <li>
                            <originalTag>LeftEye</originalTag>
                            <originalGroup>FullHead</originalGroup>
                            <replacement> 
                                <tag>Null</tag>
                                <rotation>South</rotation>
                                <canMirror>false</canMirror>
                                <layer>Head</layer>
                                <debugColor>(0,0,0,0)</debugColor>
                            </replacement> 
                        </li>
                        <li>
                            <originalTag>LeftEye</originalTag>
                            <originalGroup>FullHead</originalGroup>
                            <replacement> 
                                <tag>Null</tag>
                                <rotation>West</rotation>
                                <canMirror>false</canMirror>
                                <layer>Head</layer>
                                <debugColor>(0,0,0,0)</debugColor>
                            </replacement> 
                        </li>
                        <li>
                            <originalTag>LeftEye</originalTag>
                            <originalGroup>FullHead</originalGroup>
                            <replacement> 
                                <tag>Null</tag>
                                <rotation>South</rotation>
                                <canMirror>false</canMirror>
                                <layer>Head</layer>
                                <debugColor>(0,0,0,0)</debugColor>
                            </replacement> 
                        </li>
                        <li>
                            <originalTag>LeftEye</originalTag>
                            <originalGroup>FullHead</originalGroup>
                            <replacement> 
                                <tag>Null</tag>
                                <rotation>East</rotation>
                                <canMirror>false</canMirror>
                                <layer>Head</layer>
                                <debugColor>(0,0,0,0)</debugColor>
                            </replacement> 
                        </li>
                        <li>
                            <originalTag>RightEye</originalTag>
                            <originalGroup>FullHead</originalGroup>
                            <replacement> 
                                <tag>Null</tag>
                                <rotation>South</rotation>
                                <canMirror>false</canMirror>
                                <layer>Head</layer>
                                <debugColor>(0,0,0,0)</debugColor>
                            </replacement> 
                        </li>
                        <li>
                            <originalTag>RightEye</originalTag>
                            <originalGroup>FullHead</originalGroup>
                            <replacement> 
                                <tag>Null</tag>
                                <rotation>West</rotation>
                                <canMirror>false</canMirror>
                                <layer>Head</layer>
                                <debugColor>(0,0,0,0)</debugColor>
                            </replacement> 
                        </li>
                        <li>
                            <originalTag>RightEye</originalTag>
                            <originalGroup>FullHead</originalGroup>
                            <replacement> 
                                <tag>Null</tag>
                                <rotation>South</rotation>
                                <canMirror>false</canMirror>
                                <layer>Head</layer>
                                <debugColor>(0,0,0,0)</debugColor>
                            </replacement> 
                        </li>
                        <li>
                            <originalTag>RightEye</originalTag>
                            <originalGroup>FullHead</originalGroup>
                            <replacement> 
                                <tag>Null</tag>
                                <rotation>East</rotation>
                                <canMirror>false</canMirror>
                                <layer>Head</layer>
                                <debugColor>(0,0,0,0)</debugColor>
                            </replacement> 
                        </li>
                    </anchorReplacements>
            
                <bodyAddons>  
                    <li>
                        <scaleWithPawnDrawsize>true</scaleWithPawnDrawsize>
                        <path>Things/Sergal/Eyes/SergalEyeLeft</path>
                        <conditions> <!-- if HAR.feature.New = "Pain In My Ass": add(HAR.feature.New) -->
                          <RotStage>Fresh,Rotting</RotStage>
                          <body>
                            <bodyPart>Eye</bodyPart>
                            <bodyPartLabel>left eye</bodyPartLabel>
                          </body>
                          <Posture>
                            <drawnStanding>true</drawnStanding>
                            <drawnLaying>true</drawnLaying>
                            <drawnInBed>false</drawnInBed>
                          </Posture>
                        </conditions>
                        <extendedGraphics>
                          <Hediff For="GnollstromBionicEyeTargeter">Things/Sergal/Eyes/GnollBioniceye</Hediff>
                          <Hediff For="BionicEye">Things/Sergal/Eyes/BionicEyeLeft</Hediff>
                          <Hediff For="ArchotechEye">Things/Sergal/Eyes/ArchotechEyeLeft</Hediff>
                        <extendedGraphics>
                        <inFrontOfBody>true</inFrontOfBody>
                        <colorChannel>skin</colorChannel>
                        <defaultOffset>Center</defaultOffset>
                        <alignWithHead>true</alignWithHead>
                        <layerInvert>False</layerInvert>
                        <offsets>
                            <south>
                                <layerOffset>-0.2720256</layerOffset>
                                <bodyTypes>
                                    <Male>(-0.1498395,-0.05080402)</Male>
                                    <Female>(-0.1498395,-0.05080402)</Female>
                                    <Thin>(-0.1498395,-0.05080402)</Thin>
                                    <Hulk>(-0.1498395,-0.05080402)</Hulk>
                                <Child MayRequire="ludeon.rimworld.biotech">(-0.1151127,-0.01221881)</Child>
                                <Baby MayRequire="ludeon.rimworld.biotech">(-0.1151127,-0.01221881)</Baby>
                                </bodyTypes>
                                <headTypes>
                                    <Male_AverageNormal>(0,0)</Male_AverageNormal>
                                    <Female_AverageNormal>(0,0)</Female_AverageNormal>
                                </headTypes>
                            </south>
                            <north>
                                <layerOffset>-0.2720256</layerOffset>
                                <bodyTypes>
                                    <Male>(-121,-121)</Male>
                                    <Female>(-121,-121)</Female>
                                    <Thin>(-121,-121)</Thin>
                                    <Hulk>(-121,-121)</Hulk>
                                <Child MayRequire="ludeon.rimworld.biotech">(-121,-121)</Child>
                                <Baby MayRequire="ludeon.rimworld.biotech">(-121,-121)</Baby>
                                </bodyTypes>
                                <headTypes>
                                    <Male_AverageNormal>(0,0)</Male_AverageNormal>
                                    <Female_AverageNormal>(0,0)</Female_AverageNormal>
                                </headTypes>
                            </north>
                            <east>
                                <layerOffset>-0.2720256</layerOffset>
                                <bodyTypes>
                                    <Male>(-0.009646302,0.07652749)</Male>
                                    <Female>(-0.009646302,0.07652749)</Female>
                                    <Thin>(-0.009646302,0.07652749)</Thin>
                                    <Hulk>(-0.009646302,0.07652749)</Hulk>
                                <Child MayRequire="ludeon.rimworld.biotech">(0.005787938,0.06752411)</Child>
                                <Baby MayRequire="ludeon.rimworld.biotech">(0.005787938,0.06752411)</Baby>
                                </bodyTypes>
                                <headTypes>
                                    <Male_AverageNormal>(0,0)</Male_AverageNormal>
                                    <Female_AverageNormal>(0,0)</Female_AverageNormal>
                                </headTypes>
                            </east>
                            <west>
                                <layerOffset>-0.2720256</layerOffset>
                                <bodyTypes>
                                    <Male>(-121,-121)</Male>
                                    <Female>(-121,-121)</Female>
                                    <Thin>(-121,-121)</Thin>
                                    <Hulk>(-121,-121)</Hulk>
                                <Child MayRequire="ludeon.rimworld.biotech">(-121,-121)</Child>
                                <Baby MayRequire="ludeon.rimworld.biotech">(-121,-121)</Baby>
                                </bodyTypes>
                                <headTypes>
                                    <Male_AverageNormal>(0,0)</Male_AverageNormal>
                                    <Female_AverageNormal>(0,0)</Female_AverageNormal>
                                </headTypes>
                            </west>
                        </offsets>
                        <hiddenUnderApparelFor>
                            <li>FullHead</li>
                        </hiddenUnderApparelFor>
                    </li>
                    <li>
                        <scaleWithPawnDrawsize>true</scaleWithPawnDrawsize>
                        <path>Things/Sergal/Eyes/SergalEyeRight</path>
                        <conditions> <!-- if HAR.feature.New = "Pain In My Ass": add(HAR.feature.New) -->
                          <RotStage>Fresh,Rotting</RotStage>
                          <body>
                            <bodyPart>Eye</bodyPart>
                            <bodyPartLabel>right eye</bodyPartLabel>
                          </body>
                          <Posture>
                            <drawnStanding>true</drawnStanding>
                            <drawnLaying>true</drawnLaying>
                            <drawnInBed>false</drawnInBed>
                          </Posture>
                        </conditions>
                        <extendedGraphics>
                          <Hediff For="GnollstromBionicEyeTargeter">Things/Sergal/Eyes/GnollBioniceyeRight</Hediff>
                          <Hediff For="BionicEye">Things/Sergal/Eyes/BionicEyeRight</Hediff>
                          <Hediff For="ArchotechEye">Things/Sergal/Eyes/ArchotechEyeRight</Hediff>
                        <extendedGraphics>
                        <inFrontOfBody>true</inFrontOfBody>
                        <colorChannel>skin</colorChannel>
                        <defaultOffset>Center</defaultOffset>
                        <alignWithHead>true</alignWithHead>
                        <layerInvert>false</layerInvert>
                        <offsets>
                            <south>
                                <layerOffset>-0.2720256</layerOffset>
                                <bodyTypes>
                                    <Male>(0.1498395,-0.05080402)</Male>
                                    <Female>(0.1498395,-0.05080402)</Female>
                                    <Thin>(0.1498395,-0.05080402)</Thin>
                                    <Hulk>(0.1498395,-0.05080402)</Hulk>
                                <Child MayRequire="ludeon.rimworld.biotech">(0.1151127,-0.01221881)</Child>
                                <Baby MayRequire="ludeon.rimworld.biotech">(0.1151127,-0.01221881)</Baby>
                                </bodyTypes>
                                <headTypes>
                                    <Male_AverageNormal>(0,0)</Male_AverageNormal>
                                    <Female_AverageNormal>(0,0)</Female_AverageNormal>
                                </headTypes>
                            </south>
                            <north>
                                <layerOffset>-0.2720256</layerOffset>
                                <bodyTypes>
                                    <Male>(-121,-121)</Male>
                                    <Female>(-121,-121)</Female>
                                    <Thin>(-121,-121)</Thin>
                                    <Hulk>(-121,-121)</Hulk>
                                <Child MayRequire="ludeon.rimworld.biotech">(0.016,0.17)</Child>
                                <Baby MayRequire="ludeon.rimworld.biotech">(0.025,0.146)</Baby>
                                </bodyTypes>
                                <headTypes>
                                    <Male_AverageNormal>(0,0)</Male_AverageNormal>
                                    <Female_AverageNormal>(0,0)</Female_AverageNormal>
                                </headTypes>
                            </north>
                            <east>
                                <layerOffset>-0.2720256</layerOffset>
                                <bodyTypes>
                                    <Male>(-121,-121)</Male>
                                    <Female>(-121,-121)</Female>
                                    <Thin>(-121,-121)</Thin>
                                    <Hulk>(-121,-121)</Hulk>
                                <Child MayRequire="ludeon.rimworld.biotech">(-121,-121)</Child>
                                <Baby MayRequire="ludeon.rimworld.biotech">(-121,-121)</Baby>
                                </bodyTypes>
                                <headTypes>
                                    <Male_AverageNormal>(0,0)</Male_AverageNormal>
                                    <Female_AverageNormal>(0,0)</Female_AverageNormal>
                                </headTypes>
                            </east>
                            <west>
                                <layerOffset>-0.2720256</layerOffset>
                                <bodyTypes>
                                    <Male>(0.009646302,0.07652749)</Male>
                                    <Female>(0.009646302,0.07652749)</Female>
                                    <Thin>(0.009646302,0.07652749)</Thin>
                                    <Hulk>(0.009646302,0.07652749)</Hulk>
                                <Child MayRequire="ludeon.rimworld.biotech">(-0.005787938,0.06752411)</Child>
                                <Baby MayRequire="ludeon.rimworld.biotech">(-0.005787938,0.06752411)</Baby>
                                </bodyTypes>
                                <headTypes>
                                    <Male_AverageNormal>(0,0)</Male_AverageNormal>
                                    <Female_AverageNormal>(0,0)</Female_AverageNormal>
                                </headTypes>
                            </west>
                        </offsets>
                        <hiddenUnderApparelFor>
                            <li>FullHead</li>
                        </hiddenUnderApparelFor>
                    </li>
                <li>
				<path>Things/Sergal/Tails/TailX</path>
                <bodyPart>Tail</bodyPart>
                <colorChannel>skin</colorChannel>
                <inFrontOfBody>false</inFrontOfBody>
                <defaultOffset>Tail</defaultOffset>
				<scaleWithPawnDrawsize>true</scaleWithPawnDrawsize>
                <conditions>
                  <RotStage>Fresh,Rotting</RotStage>
                  <Posture>
                    <drawnStanding>true</drawnStanding>
                    <drawnLaying>true</drawnLaying>
                    <drawnInBed>false</drawnInBed>
                  </Posture>
                </conditions>
                <extendedGraphics>
                  <Hediff For="SergalTailBionic">Things/Sergal/Tails/TailXBionic</Hediff>
                <extendedGraphics>
                <offsets>
                <south>
                    <bodyTypes>
                    <Male>(0,-0.22)</Male>
                    <Female>(0,-0.22)</Female>
                    <Thin>(0,-0.22)</Thin>
					<Child>(0.02,-0.2)</Child>
					<Baby>(0,0)</Baby>
                    </bodyTypes>
                </south>

                <north>
					<bodyTypes>
					<Male>(0,-0.25)</Male>
					<Female>(0,-0.25)</Female>
					<Thin>(0,-0.25)</Thin>
					<Child>(0,0.1292601)</Child>
					<Baby>(0,0.1292601)</Baby>
					</bodyTypes>
                </north>
                <west>
					<bodyTypes>
					<Male>(0,-0.22)</Male>
					<Female>(0,-0.22)</Female>
					<Thin>(0,-0.22)</Thin>
					<Child>(-0.1806424,0.03151124)</Child>
					<Baby>(-0.1806424,0.03151124)</Baby>
					</bodyTypes>
                </west>
                <east>
					<bodyTypes>
					<Male>(0,-0.22)</Male>
					<Female>(0,-0.22)</Female>
					<Thin>(0,-0.22)</Thin>
					<Child>(-0.1806424,0.03151124)</Child>
					<Baby>(-0.1806424,0.03151124)</Baby>
					</bodyTypes>
                </east>
                </offsets>
                </li>
            </bodyAddons>
            <atlasScale>4</atlasScale>
            <borderScale>1.3</borderScale>
			<headBodyPartDef>Head</headBodyPartDef>
			<headTypes Inherit="False">
				<li>Male_AverageNormal</li>
				<li>Female_AverageNormal</li>
			</headTypes>
			<bodyTypes Inherit="False">
				<li MayRequire="Ludeon.RimWorld.Biotech">Baby</li>
				<li MayRequire="Ludeon.RimWorld.Biotech">Child</li>
				<li>Male</li>
				<li>Thin</li>
				<li>Female</li>
			</bodyTypes>
			<customDrawSize>(1.0, 1.0)</customDrawSize>
                    <customHeadDrawSize>(1.0, 1.0)</customHeadDrawSize>
                    <customPortraitDrawSize>(1.0, 1.0)</customPortraitDrawSize>
                    <customPortraitHeadDrawSize>(0.9, 0.9)</customPortraitHeadDrawSize>
            </alienPartGenerator>
			<chemicalSettings />
            <humanRecipeImport>true</humanRecipeImport>
        </generalSettings>
        <graphicPaths>
			  <head>
				<path>Things/Sergal/Heads/</path>
				<headtypeGraphics>
					<Male_AverageNormal>
						<path>Things/Sergal/Heads/Male_Average_Normal</path>
					</Male_AverageNormal>
					<!--ageGraphics>
					  <BabyStageSergal>
						<path>Things/Sergal/Heads/Baby_Average_Normal</path>
						#nested settings can go here
					  </BabyStageSergal>
					  <ChildStageSergal>
						<path>Things/Sergal/Heads/Baby_Average_Normal</path>
						#nested settings can go here
					  </ChildStageSergal>
					</ageGraphics-->
					<Female_AverageNormal>
					  <path>Things/Sergal/Heads/Female_Average_Normal</path>
					</Female_AverageNormal>
				</headtypeGraphics>
			  </head>
			  <body>
				<path>Things/Sergal/Bodies/</path>
				
			  </body>
			  <skinShader>Cutout</skinShader>
        </graphicPaths>
        <styleSettings>
            <li>
                <key>BeardDef</key>
                <value>
                    <hasStyle>true</hasStyle>
                    <styleTags>
                        <li>NoBeard</li>
                    </styleTags>
                </value>
            </li>
            <li>
                <key>HairDef</key>
                <value>
                    <hasStyle>false</hasStyle>
                    <styleTags>
                    </styleTags>
                </value>
            </li>
        </styleSettings>
        <relationSettings>
            <relationChanceModifierChild>1.1</relationChanceModifierChild>
            <relationChanceModifierExLover>1</relationChanceModifierExLover>
            <relationChanceModifierExSpouse>1</relationChanceModifierExSpouse>
            <relationChanceModifierFiance>1.1</relationChanceModifierFiance>
            <relationChanceModifierLover>1.05</relationChanceModifierLover>
            <relationChanceModifierParent>1</relationChanceModifierParent>
            <relationChanceModifierSibling>1</relationChanceModifierSibling>
            <relationChanceModifierSpouse>1.1</relationChanceModifierSpouse>
        </relationSettings>
		<thoughtSettings>
			<cannotReceiveThoughts>
			  <li>ButcheredHumanlikeCorpse</li>
			  <li>KnowButcheredHumanlikeCorpse</li>
			  <li>AteHumanlikeMeatDirect</li>
			  <li>AteHumanlikeMeatAsIngredient</li>
			  <li>AteHumanlikeMeatDirectCannibal</li>
			  <li>KnowPrisonerSold</li>
			  <li>AteHumanlikeMeatAsIngredientCannibal</li>
			  <li>SleepDisturbed</li>
              <li>RippitHigh</li>
			</cannotReceiveThoughts>
			<restrictedThoughts>
				<li>AteHumanlikeMeatDirectCannibalSerg</li>
				<li>AteHumanlikeMeatAsIngredientCannibalSerg</li>
				<li>SergsonalSpace</li>
				<li>KnowPrisonerSoldSergal</li>
                <li>RippitHighSergal</li>
			</restrictedThoughts>
			<replacerList>
                <li>
                    <original>AteHumanlikeMeatDirectCannibal</original>
                    <replacer>AteHumanlikeMeatDirectCannibalSerg</replacer> 
                </li>
                <li>
                    <original>RippitHigh</original>
                    <replacer>RippitHighSergal</replacer>
                </li>
                <li>
                    <original>AteHumanlikeMeatAsIngredientCannibal</original>
                    <replacer>AteHumanlikeMeatAsIngredientCannibalSerg</replacer> 
                </li>
                <li>
                    <original>SleepDisturbed</original>
                    <replacer>SergsonalSpace</replacer> 
                </li>
                <li>
                    <original>KnowPrisonerSold</original>
                    <replacer>KnowPrisonerSoldSergal</replacer> 
                </li>
            </replacerList>
		</thoughtSettings>
    </alienRace>
	<statBases>
      <MarketValue>1000</MarketValue>
      <MoveSpeed>7.62</MoveSpeed>
      <Flammability>0.3</Flammability>
      <ComfyTemperatureMin>-16</ComfyTemperatureMin>
      <ComfyTemperatureMax>48</ComfyTemperatureMax>
      <LeatherAmount>25</LeatherAmount>
      <RoyalFavorValue>3</RoyalFavorValue>
	   <PsychicSensitivity>1.15</PsychicSensitivity>
	   <MiningSpeed>3</MiningSpeed>
	   <ConstructSuccessChance>2.55</ConstructSuccessChance>
       <ConstructionSpeed>1.5</ConstructionSpeed>
    </statBases>
    <tools>
      <li>
        <label>left fist</label>
        <capacities>
          <li>Blunt</li>
        </capacities>
        <power>8</power>
        <cooldownTime>1.4</cooldownTime>
        <linkedBodyPartsGroup>LeftHand</linkedBodyPartsGroup>
        <surpriseAttack>
          <extraMeleeDamages>
            <li>
              <def>Stun</def>
              <amount>22</amount>
            </li>
          </extraMeleeDamages>
        </surpriseAttack>
      </li>
         <li>
        <label>right fist</label>
        <capacities>
          <li>Blunt</li>
        </capacities>
        <power>8</power>
        <cooldownTime>1.4</cooldownTime>
        <linkedBodyPartsGroup>RightHand</linkedBodyPartsGroup>
        <surpriseAttack>
          <extraMeleeDamages>
            <li>
              <def>Stun</def>
              <amount>22</amount>
            </li>
          </extraMeleeDamages>
        </surpriseAttack>
      </li>
      <li>
        <label>head</label>
        <capacities>
          <li>Blunt</li>
        </capacities>
        <power>5</power>
        <cooldownTime>1.5</cooldownTime>
        <linkedBodyPartsGroup>HeadAttackTool</linkedBodyPartsGroup>
        <chanceFactor>0.2</chanceFactor>
      </li>
    </tools>
    <race>
      <renderTree>Humanlike</renderTree>
      <fleshType>SGLF_HeadScarRemover</fleshType>
      <thinkTreeMain>Humanlike</thinkTreeMain>
      <thinkTreeConstant>HumanlikeConstant</thinkTreeConstant>
      <intelligence>Humanlike</intelligence>
      <makesFootprints>true</makesFootprints>
      <lifeExpectancy>120</lifeExpectancy>
      <leatherDef>Leather_sergal</leatherDef>
      <nameGenerator>NamerPersonSergalMale</nameGenerator>
       <nameGeneratorFemale>NamerPersonSergalFemale</nameGeneratorFemale>
      <body>Sergal</body>
      <bloodDef>FilthBloodSergal</bloodDef>	
      <meatColor>(128, 0, 1)</meatColor>
      <baseBodySize>1.1</baseBodySize>
      <baseHealthScale>1.25</baseHealthScale>
      <foodType>OmnivoreHuman</foodType>
      <gestationPeriodDays>15</gestationPeriodDays>
      <litterSizeCurve>
        <points>
          <li>(0.5, 0)</li>
          <li>(1, 1)</li>
          <li>(1.01, 0.02)</li>
          <li>(3.5, 0)</li>
        </points>
      </litterSizeCurve>
      <lifeStageAges>
        <li>
          <def>BabyStageSergal</def>
          <minAge>0</minAge>
        </li>
        <li>
          <def>ChildStageSergal</def>
          <minAge>4</minAge>
        </li>
		<li>
          <def>TeenStageSergal</def>
          <minAge>13</minAge>
        </li>
        <li>
          <def>AdultStageSergal</def>
          <minAge>18</minAge>
        </li>
      </lifeStageAges>
      <lifeStageWorkSettings MayRequire="Ludeon.RimWorld.Biotech">
        <Firefighter>7</Firefighter>
        <Patient>0</Patient>
        <Doctor>10</Doctor>
        <PatientBedRest>0</PatientBedRest>
        <Childcare MayRequire="Ludeon.RimWorld.Biotech">0</Childcare>
        <BasicWorker>3</BasicWorker>
        <Warden>10</Warden>
        <Handling>7</Handling>
        <Cooking>7</Cooking>
        <Hunting>7</Hunting>
        <Construction>10</Construction>
        <Growing>7</Growing>
        <Mining>7</Mining>
        <PlantCutting>7</PlantCutting>
        <Smithing>13</Smithing>
        <Tailoring>7</Tailoring>
        <Art>10</Art>
        <Crafting>7</Crafting>
        <Hauling>3</Hauling>
        <Cleaning>3</Cleaning>
        <Research>13</Research>
      </lifeStageWorkSettings>
      <soundMeleeHitPawn>Pawn_Melee_Punch_HitSergal</soundMeleeHitPawn>
      <soundMeleeHitBuilding>Pawn_Melee_Punch_HitBuilding</soundMeleeHitBuilding>
      <soundMeleeMiss>Pawn_Melee_Punch_Miss</soundMeleeMiss>
      <specialShadowData>
        <volume>(0.3, 0.8, 0.4)</volume>
        <offset>(0,0,-0.3)</offset>
      </specialShadowData>
      <ageGenerationCurve>
		<points>
			<li MayRequire="Ludeon.RimWorld.Biotech">(0,0)</li>
			<li MayRequire="Ludeon.RimWorld.Biotech">(0.001,43)</li>
			<li MayRequire="Ludeon.RimWorld.Biotech">(8,86)</li>
			<li MayRequire="Ludeon.RimWorld.Biotech">(12.5,118)</li>  <!-- Exclude 12.5-13 years to avoid spawning pawns who are very close to becoming adults -->  
			<li MayRequire="Ludeon.RimWorld.Biotech">(12.51,0)</li>  
			<li MayRequire="Ludeon.RimWorld.Biotech">(13,0)</li>      
			<li MayRequire="Ludeon.RimWorld.Biotech">(13.001,122)</li><!-- End exclude -->
			<li MayRequire="Ludeon.RimWorld.Biotech">(13.999,130)</li>
			<li>(14,0)</li>
			<li MayRequire="Ludeon.RimWorld.Biotech">(14.001,130)</li>
			<li>(16,100)</li>
			<li>(50,100)</li>
			<li>(60,30)</li>
			<li>(70,18)</li>
			<li>(80,10)</li>
			<li>(90,3)</li>
			<li>(100,0)</li>
        </points>
		
      </ageGenerationCurve>
      <hediffGiverSets>
      <li>OrganicStandard</li>
      </hediffGiverSets>
    </race>
    <recipes>
      <li>InstallArchotechEye</li>
      <li>InstallArchotechArm</li>
      <li>InstallArchotechLeg</li>
      <li>InstallPowerClaw</li>
      <li>InstallBionicEye</li>
      <li>InstallBionicArm</li>
      <li>InstallBionicLeg</li>
      <li>InstallBionicSpine</li>
      <li>InstallBionicHeart</li>
      <li>InstallBionicStomach</li>
      <li>InstallBionicEar</li>
	  <li>InstallBionicSergalTail</li>
	  <li>InstallClothGTail</li>
      <li>InstallSimpleProstheticArm</li>
      <li>InstallSimpleProstheticLeg</li>
      <li>InstallSimpleProstheticHeart</li>
      <li>InstallCochlearImplant</li>
      <li>InstallPegLeg</li>
      <li>InstallWoodenFoot</li>
      <li>InstallDenture</li>
      <li>InstallJoywire</li>
      <li>InstallPainstopper</li>
      <li>InstallNaturalHeart</li>
      <li>InstallNaturalLung</li>
      <li>InstallNaturalKidney</li>
      <li>InstallNaturalLiver</li>
      <li>ExciseCarcinoma</li>
      <li>AdministerMechSerumHealer</li>
      <li>RemoveBodyPart</li>
      <li>Euthanize</li>
      <li>Anesthetize</li>
      <li>InstallSergalEye</li>
      <li MayRequire="Ludeon.RimWorld.Biotech">Vasectomy</li>
      <li MayRequire="Ludeon.RimWorld.Biotech">ReverseVasectomy</li>
      <li MayRequire="Ludeon.RimWorld.Biotech">TubalLigation</li>
      <li MayRequire="Ludeon.RimWorld.Biotech">ExtractOvum</li>
      <li MayRequire="Ludeon.RimWorld.Royalty">CureBloodRot</li>
      <li MayRequire="Ludeon.RimWorld.Royalty">CureAbasia</li>
      <li MayRequire="Ludeon.RimWorld.Biotech">ExtractHemogenPack</li>
      <li MayRequire="Ludeon.RimWorld.Biotech">BloodTransfusion</li>
      <li MayRequire="Ludeon.RimWorld.Biotech">ImplantXenogerm</li>
      <li MayRequire="Ludeon.RimWorld.Biotech">ImplantIUD</li>
      <li MayRequire="Ludeon.RimWorld.Biotech">RemoveIUD</li>
      <li MayRequire="Ludeon.RimWorld.Biotech">TerminatePregnancy</li>
    </recipes>
</AlienRace.ThingDef_AlienRace>

</Defs>