<?xml version="1.0" encoding="UTF-8"?>

<Defs>

   <ThingDef ParentName="BodyPartNaturalBase">
      <defName>GnollTail</defName>
      <label>tail</label>
      <description>A Gnoll tail.</description>
      <!-- graphicData>
         <texPath>Things/Item/Health/HealthItemBionic</texPath>
         <graphicClass>Graphic_Single</graphicClass>
      </graphicData -->
      <statBases>
         <MarketValue>200</MarketValue>
         <Mass>1</Mass>
      </statBases>
   </ThingDef>
   
  <HediffDef ParentName="AddedBodyPartBase">
    <defName>BionicGnollTail</defName>
    <label>bionic gnoll tail</label>
    <description>A technical marvel! Metal and integrated flesh!</description>
    <addedPartProps>
      <solid>true</solid>
      <partEfficiency>0.8</partEfficiency>
    </addedPartProps>
  </HediffDef>

	
  <HediffDef ParentName="AddedBodyPartBase">
    <defName>ClothGnollTail</defName>
    <label>cloth gnoll tail</label>
    <description>Simple prosthesis made to replace a missing tail. It'll do.</description>
    <addedPartProps>
      <solid>true</solid>
      <partEfficiency>0.8</partEfficiency>
    </addedPartProps>
  </HediffDef>
  
  
</Defs>