<?xml version="1.0" encoding="UTF-8"?>

<Defs>

   <ThingDef ParentName="BodyPartNaturalBase">
      <defName>Tail</defName>
      <label>tail</label>
      <description>A tail.</description>
      <graphicData>
         <texPath>Things/Item/Health/HealthItemBionic</texPath>
         <graphicClass>Graphic_Single</graphicClass>
      </graphicData>
      <statBases>
         <MarketValue>200</MarketValue>
         <Mass>1</Mass>
      </statBases>
   </ThingDef>

   <ThingDef ParentName="BodyPartNaturalBase">
      <defName>LionTail</defName>
      <label>tail</label>
      <description>A lion tail.</description>
      <graphicData>
         <texPath>Things/Item/Health/HealthItemBionic</texPath>
         <graphicClass>Graphic_Single</graphicClass>
      </graphicData>
      <statBases>
         <MarketValue>200</MarketValue>
         <Mass>1</Mass>
      </statBases>
   </ThingDef>
   
  <HediffDef ParentName="AddedBodyPartBase">
    <defName>BionicLionTail</defName>
    <label>bionic lion tail</label>
    <description>A technical marvel! This isn't a prosthesis, this is an enhancement!</description>
    <addedPartProps>
      <solid>true</solid>
      <partEfficiency>0.8</partEfficiency>
    </addedPartProps>
  </HediffDef>

	
	  <HediffDef ParentName="AddedBodyPartBase">
    <defName>ClothTail</defName>
    <label>cloth tail</label>
    <description>Simple prosthesis made to replace a missing tail. I'd rather have nothing...</description>
    <addedPartProps>
      <solid>true</solid>
      <partEfficiency>0.8</partEfficiency>
    </addedPartProps>
  </HediffDef>
  
  
  <ThingDef ParentName="BodyPartBionicBase">
    <defName>LionBionicTail</defName>
    <label>bionic lion tail</label>
    <description>A technical marvel! This isn't a prosthesis, this is an enhancement!</description>
    <graphicData>
      <texPath>Things/Item/Health/HealthItem</texPath>
      <graphicClass>Graphic_Single</graphicClass>
    </graphicData>
    <statBases>
      <MarketValue>1500</MarketValue>
      <Mass>1</Mass>
    </statBases>
	<costList>
      <Plasteel>15</Plasteel>
      <ComponentSpacer>2</ComponentSpacer>
    </costList>
    <techHediffsTags>
      <li>Advanced</li>
    </techHediffsTags>
  </ThingDef>
  
</Defs>