<?xml version="1.0" encoding="UTF-8"?>

<Defs>

   <ThingDef ParentName="BodyPartNaturalBase">
      <defName>Tail</defName>
      <label>tail</label>
      <description>A tail.</description>
      <graphicData>
         <texPath>Things/Item/Health/HealthItemBionic</texPath>
         <graphicClass>Graphic_Single</graphicClass>
      </graphicData>
      <statBases>
         <MarketValue>200</MarketValue>
         <Mass>1</Mass>
      </statBases>
   </ThingDef>

   <ThingDef ParentName="BodyPartNaturalBase">
      <defName>SergalTail</defName>
      <label>tail</label>
      <description>A Sergal tail.</description>
      <graphicData>
         <texPath>Things/Item/Health/HealthItemBionic</texPath>
         <graphicClass>Graphic_Single</graphicClass>
      </graphicData>
      <statBases>
         <MarketValue>200</MarketValue>
         <Mass>1</Mass>
      </statBases>
   </ThingDef> 
   
  <HediffDef ParentName="AddedBodyPartBase">
    <defName>BionicSergalTail</defName>
    <label>bionic sergal tail</label>
    <description>A technical marvel! This baby processes 99 metamerps a second.</description>
    <addedPartProps>
      <solid>true</solid>
      <partEfficiency>0.8</partEfficiency>
    </addedPartProps>
  </HediffDef>

	
	  <HediffDef ParentName="AddedBodyPartBase">
    <defName>ClothTail</defName>
    <label>cloth tail</label>
    <description>Simple prosthesis made to replace a missing tail. I'll take it. A sergal without a tail is just a dog-shark.</description>
    <addedPartProps>
      <solid>true</solid>
      <partEfficiency>0.8</partEfficiency>
    </addedPartProps>
  </HediffDef>
  
  
</Defs>